id,type,date,value,category,description,payment_method,status,equipment_id,contract_id,created_at,reference,is_fixed,sector,fixed_duration_months,installment_number,installment_total,cost_center_id,debit_amount,debit_description,has_debit
001668ae-fccb-4cdc-befe-ed1e5ef62977,DESPESA,2026-04-01,5315.00,terceirizados,Salário Operador Motoniveladora 2 Ronaldo/Sid,,CONFIRMADO,,,2025-12-03 16:18:33.005506+00,,false,terceirizados,,7,,cabralia,0.00,,false
0056d5b5-6e09-43db-9d0f-887254baa227,DESPESA,2026-09-01,21000.00,terceirizados,Locação Caçamba 01 Felipe,,CONFIRMADO,,,2025-12-03 16:18:12.448915+00,,false,felipe_viatransportes,,12,,cabralia,0.00,,false
00cbd345-83a6-4766-883b-c95540a2539e,DESPESA,2026-01-01,3581.66,funcionario,Salário Operador Retroescavadeira,,CONFIRMADO,04561899-3a03-45c9-aecd-c0c2d5dee96c,,2025-12-03 16:18:20.591552+00,,false,now,,4,,cabralia,0.00,,false
01e7ec11-9b02-423b-bb9e-18aeb59ed25f,DESPESA,2026-02-01,15000.00,terceirizados,Locação Baú,,CONFIRMADO,,,2025-12-03 16:18:28.044862+00,,false,gestao,,5,,cabralia,0.00,,false
0231ba10-12af-4e97-a9ae-e52c15917e6d,DESPESA,2025-12-01,131924.60,impostos,Imposto Now,,CONFIRMADO,,,2025-12-03 16:46:31.916367+00,,false,imposto,,3,,cabralia,0.00,,false
0245962b-09e1-4811-b7db-b11811163628,DESPESA,2026-04-01,131924.60,impostos,Imposto Now,,CONFIRMADO,,,2025-12-03 16:46:32.580749+00,,false,imposto,,7,,cabralia,0.00,,false
02e28130-6d92-4b40-9ef7-a3e2fa68f03d,DESPESA,2025-12-01,15000.00,terceirizados,Locação Baú,,CONFIRMADO,,,2025-12-03 16:18:27.893656+00,,false,gestao,,3,,cabralia,0.00,,false
0326dee8-de8a-49c4-a7f5-023e890f2d81,DESPESA,2026-09-01,3581.66,funcionario,Salário Operador Rolo Compactador,,CONFIRMADO,dd39670a-04b3-4853-babc-1867e29fd5cd,,2025-12-03 16:18:22.116719+00,,false,now,,12,,cabralia,0.00,,false
03a0dc66-073b-41cf-b049-4de44d8f1654,DESPESA,2026-06-01,-34272.00,terceirizados,Abatimento Imposto,,CONFIRMADO,,,2025-12-03 16:18:15.886383+00,,false,felipe_viatransportes,,9,,cabralia,0.00,,false
040c9ac4-eb49-4acb-a459-191a87e2e0da,DESPESA,2026-03-01,5500.00,gestor,Salário Gestor,,CONFIRMADO,,,2025-12-03 23:12:58.205058+00,,false,now,,6,,cabralia,0.00,,false
0415125f-81c0-4bcc-9b05-21804f76b1eb,DESPESA,2025-11-01,8000.00,terceirizados,Locação Trucado 02,,CONFIRMADO,,,2025-12-03 16:18:29.725089+00,,false,gestao,,2,,cabralia,0.00,,false
055f5b1a-9201-488c-a9b7-fecf4a8a2fce,DESPESA,2025-10-01,5315.00,funcionario,Salário Operador Motoniveladora,,CONFIRMADO,514b7ed1-6ebb-42bf-912b-fd2bfa8abdad,,2025-12-03 01:18:51.641003+00,,true,now,12,,,cabralia,0.00,,false
0564fde9-dd00-49a1-8108-45a1a7b065a6,DESPESA,2026-02-01,12000.00,terceirizados,Locação Caçamba 03,,CONFIRMADO,,,2025-12-03 16:18:26.136934+00,,false,particular,,5,,cabralia,0.00,,false
061e1744-ca3b-448f-819f-a6668f37df26,DESPESA,2026-09-01,21000.00,terceirizados,Locação Caçamba 03 Felipe,,CONFIRMADO,,,2025-12-03 16:18:14.280111+00,,false,felipe_viatransportes,,12,,cabralia,0.00,,false
06419f46-65ab-4674-ab01-a091f0678291,DESPESA,2025-10-01,21000.00,terceirizados,Locação Caçamba 02 Felipe,,CONFIRMADO,,,2025-12-02 17:21:14.568387+00,,true,felipe_viatransportes,12,,,cabralia,0.00,,false
06bb6c58-d237-4ddc-bf47-b69b14e03fd5,DESPESA,2025-11-01,21000.00,terceirizados,Locação Caçamba 03 Felipe,,CONFIRMADO,,,2025-12-03 16:18:13.525596+00,,false,felipe_viatransportes,,2,,cabralia,0.00,,false
07037377-d521-4e7a-b17b-aee20a51ec50,DESPESA,2026-04-01,18000.00,equipamentos,Locação Retroescavadeira,,CONFIRMADO,04561899-3a03-45c9-aecd-c0c2d5dee96c,,2025-12-03 16:18:04.073982+00,,false,now,,7,,cabralia,0.00,,false
087342cd-b295-427b-af17-6c66e38b0b4c,DESPESA,2026-02-01,45986.44,terceirizados,Locação Motoniveladora Ronaldo/Sid,,CONFIRMADO,,,2025-12-03 16:18:16.486152+00,"__DEBIT__:{""amount"":5315,""description"":""Operador""}",false,ronaldo,,5,,cabralia,0.00,,false
09064d55-3efe-4a63-84dd-cf47da27a4a6,DESPESA,2025-11-01,10000.00,terceirizados,Locação Trucado 01,,CONFIRMADO,,,2025-12-03 16:18:28.787122+00,,false,gestao,,2,,cabralia,0.00,,false
095330bd-3049-44ea-a241-017fb27facea,DESPESA,2026-08-01,3581.66,funcionario,Salário Operador Rolo Compactador,,CONFIRMADO,dd39670a-04b3-4853-babc-1867e29fd5cd,,2025-12-03 16:18:22.037514+00,,false,now,,11,,cabralia,0.00,,false
0a5ff1f6-8aea-451b-b679-adf954d31b89,DESPESA,2025-10-02,3581.66,funcionario,Salário Operador Pá Carregadeira,,CONFIRMADO,c4ffceac-4dd7-4951-b478-6cb7f143416f,,2025-12-03 01:21:39.599197+00,,true,now,12,,,cabralia,0.00,,false
0aa67f8b-e6b6-400b-8977-95293cb8f2e3,DESPESA,2026-09-01,22000.00,equipamentos,Locação Pá Carregadeira,,CONFIRMADO,c4ffceac-4dd7-4951-b478-6cb7f143416f,,2025-12-04 09:18:29.783521+00,,false,now,,12,,cabralia,0.00,,false
0b65832a-33ed-4307-928f-aaaa05d4cba3,DESPESA,2025-11-01,3256.00,funcionario,Salário Operador Bobcat,,CONFIRMADO,4bc7e9b9-0f0a-48c2-b7e3-bcc3ce8d342d,,2025-12-03 16:18:23.173522+00,,false,now,,2,,cabralia,0.00,,false
0b8ebd20-bdaa-4fb3-96cc-5acda8f9ff76,DESPESA,2025-12-01,5315.00,funcionario,Salário Operador Motoniveladora,,CONFIRMADO,514b7ed1-6ebb-42bf-912b-fd2bfa8abdad,,2025-12-03 16:18:19.6014+00,,false,now,,3,,cabralia,0.00,,false
0c2de214-024c-47b8-be28-233d6ab0d4f2,DESPESA,2026-02-01,5315.00,funcionario,Salário Operador Motoniveladora,,CONFIRMADO,514b7ed1-6ebb-42bf-912b-fd2bfa8abdad,,2025-12-03 16:18:19.754246+00,,false,now,,5,,cabralia,0.00,,false
0c321767-4652-42ff-98ac-9487daaeec16,DESPESA,2026-08-01,22000.00,equipamentos,Locação Pá Carregadeira,,CONFIRMADO,c4ffceac-4dd7-4951-b478-6cb7f143416f,,2025-12-04 09:18:29.636373+00,,false,now,,11,,cabralia,0.00,,false
0c47b871-cee8-4d3b-ac91-d1f01e414a70,DESPESA,2025-12-01,10692.12,terceirizados,Locação Estacionárias Ronaldo/Sid,,CONFIRMADO,,,2025-12-03 16:18:18.16349+00,,false,ronaldo,,3,,cabralia,0.00,,false
0c815431-c178-4020-8a06-c0ef4bc0348f,DESPESA,2026-04-01,10000.00,equipamentos,Locação Bobcat,,CONFIRMADO,4bc7e9b9-0f0a-48c2-b7e3-bcc3ce8d342d,,2025-12-03 16:18:07.939194+00,,false,now,,7,,cabralia,0.00,,false
0c8b3361-e936-40ad-92c0-992f1b009790,DESPESA,2026-07-01,5500.00,gestor,Salário Gestor,,CONFIRMADO,,,2025-12-03 23:12:58.952853+00,,false,now,,10,,cabralia,0.00,,false
0d71098c-d7c5-4826-b343-e15352cbfb54,DESPESA,2026-01-01,131924.60,impostos,Imposto Now,,CONFIRMADO,,,2025-12-03 16:46:32.144574+00,,false,imposto,,4,,cabralia,0.00,,false
0dab84f3-6429-4907-a80b-fef3cbd6b9b5,DESPESA,2026-02-01,22000.00,equipamentos,Locação Pá Carregadeira,,CONFIRMADO,c4ffceac-4dd7-4951-b478-6cb7f143416f,,2025-12-04 09:18:28.56935+00,,false,now,,5,,cabralia,0.00,,false
0f5486f3-0993-40e7-8d7f-e0491a86958d,DESPESA,2025-11-01,21000.00,terceirizados,Locação Caçamba 02 Felipe,,CONFIRMADO,,,2025-12-03 16:18:12.60238+00,,false,felipe_viatransportes,,2,,cabralia,0.00,,false
112c26ae-9b42-4d73-8008-4781b836d297,DESPESA,2026-07-01,3581.66,terceirizados,Salário Operador Prancha Ronaldo/Sid,,CONFIRMADO,,,2025-12-03 16:18:32.293894+00,,false,terceirizados,,10,,cabralia,0.00,,false
112dfef9-5c90-43d7-bb6f-4f9f188bc30f,DESPESA,2026-03-01,2000.00,funcionario,Salário Encarregado,,CONFIRMADO,,,2025-12-03 16:18:33.859597+00,,false,now,,6,,cabralia,0.00,,false
11679e3e-8aa4-4c59-a7ae-f10e94684e12,DESPESA,2026-01-01,10000.00,terceirizados,Locação Pá Carregadeira,,CONFIRMADO,,,2025-12-03 18:11:30.711084+00,,false,gestao,,4,,cabralia,0.00,,false
126bfcef-b48f-4201-8e59-7fa4ef22e073,DESPESA,2026-03-01,22000.00,equipamentos,Locação Rolo Compactador,,CONFIRMADO,dd39670a-04b3-4853-babc-1867e29fd5cd,,2025-12-03 16:18:06.940029+00,,false,now,,6,,cabralia,0.00,,false
12d00412-b07d-4994-ad83-5d52b01d10ec,DESPESA,2026-02-01,18000.00,equipamentos,Locação Retroescavadeira,,CONFIRMADO,04561899-3a03-45c9-aecd-c0c2d5dee96c,,2025-12-03 16:18:03.911113+00,,false,now,,5,,cabralia,0.00,,false
13070ddd-a553-43e0-9d27-61664fb4246c,DESPESA,2026-05-01,15000.00,terceirizados,Locação Baú,,CONFIRMADO,,,2025-12-03 16:18:28.297801+00,,false,gestao,,8,,cabralia,0.00,,false
1307326e-e177-4b93-9259-c59690d482b4,DESPESA,2025-11-01,30000.00,equipamentos,Locação Motoniveladora,,CONFIRMADO,514b7ed1-6ebb-42bf-912b-fd2bfa8abdad,,2025-12-03 16:18:04.631531+00,,false,now,,2,,cabralia,0.00,,false
133593de-41f0-485d-8edb-691f4738bae0,DESPESA,2025-11-01,10000.00,equipamentos,Locação Bobcat,,CONFIRMADO,4bc7e9b9-0f0a-48c2-b7e3-bcc3ce8d342d,,2025-12-03 16:18:07.562624+00,,false,now,,2,,cabralia,0.00,,false
13db04d6-d22e-48a7-bbec-eff39b25afcc,DESPESA,2026-03-01,14000.00,terceirizados,Locação Poliguindaste Felipe,,CONFIRMADO,,,2025-12-03 16:18:14.736232+00,,false,felipe_viatransportes,,6,,cabralia,0.00,,false
13db3d65-505d-4d8b-8049-e3a7398d6f13,DESPESA,2026-08-01,3581.66,funcionario,Salário Operador Retroescavadeira,,CONFIRMADO,04561899-3a03-45c9-aecd-c0c2d5dee96c,,2025-12-03 16:18:21.121975+00,,false,now,,11,,cabralia,0.00,,false
1467c9ce-d8dc-4e89-8b0f-e51c026a1cf4,DESPESA,2026-07-02,3581.66,funcionario,Salário Operador Pá Carregadeira,,CONFIRMADO,c4ffceac-4dd7-4951-b478-6cb7f143416f,,2025-12-03 16:18:22.86798+00,,false,now,,10,,cabralia,0.00,,false
15d33452-efed-42e1-af9a-ee3ae9956e81,DESPESA,2026-05-01,10000.00,terceirizados,Locação Trucado 01,,CONFIRMADO,,,2025-12-03 16:18:29.25029+00,,false,gestao,,8,,cabralia,0.00,,false
15df4796-cac1-4149-b541-00617c1f9fe5,DESPESA,2025-10-01,10000.00,equipamentos,Locação Bobcat,,CONFIRMADO,4bc7e9b9-0f0a-48c2-b7e3-bcc3ce8d342d,,2025-12-02 16:52:19.88658+00,,true,now,12,,,cabralia,0.00,,false
164b9918-358f-462d-9888-6ec6c3f10fda,DESPESA,2026-06-01,10000.00,terceirizados,Locação Pá Carregadeira,,CONFIRMADO,,,2025-12-03 18:11:31.206249+00,,false,gestao,,9,,cabralia,0.00,,false
16929e57-1e70-4012-98a8-552c97a0519b,DESPESA,2026-03-01,3581.66,funcionario,Salário Operador Retroescavadeira,,CONFIRMADO,04561899-3a03-45c9-aecd-c0c2d5dee96c,,2025-12-03 16:18:20.74389+00,,false,now,,6,,cabralia,0.00,,false
16f94042-599f-4edf-ac6a-c5f05c30f368,DESPESA,2026-08-01,3500.00,terceirizados,Salário Operador Poliguindaste,,CONFIRMADO,,,2025-12-03 18:23:04.644137+00,,false,terceirizados,,11,,cabralia,0.00,,false
173063b9-8d08-4d21-aee7-605d41a0828f,DESPESA,2026-06-01,34272.00,impostos,Imposto Felipe,,CONFIRMADO,,,2025-12-03 16:18:35.963755+00,,false,imposto,,9,,cabralia,0.00,,false
17da0d27-cd6b-4f5d-b23c-b5457874d61a,DESPESA,2026-03-01,30000.00,equipamentos,Locação Motoniveladora,,CONFIRMADO,514b7ed1-6ebb-42bf-912b-fd2bfa8abdad,,2025-12-03 16:18:04.960668+00,,false,now,,6,,cabralia,0.00,,false
17fe325c-4fc8-4ba6-a46d-73d9a37f5128,DESPESA,2026-03-01,5315.00,funcionario,Salário Operador Motoniveladora,,CONFIRMADO,514b7ed1-6ebb-42bf-912b-fd2bfa8abdad,,2025-12-03 16:18:19.828746+00,,false,now,,6,,cabralia,0.00,,false
183d5cd8-c8c7-46d6-b0de-4868258470c8,DESPESA,2026-09-01,5315.00,funcionario,Salário Operador Motoniveladora,,CONFIRMADO,514b7ed1-6ebb-42bf-912b-fd2bfa8abdad,,2025-12-03 16:18:20.289136+00,,false,now,,12,,cabralia,0.00,,false
1850dd13-d4bc-4420-87e0-97d19a061974,DESPESA,2026-02-01,12000.00,terceirizados,Locação Caçamba 01,,CONFIRMADO,,,2025-12-03 16:18:24.289173+00,,false,particular,,5,,cabralia,0.00,,false
18765b49-20a6-42f6-b201-ee3e7b071452,DESPESA,2026-01-01,2000.00,funcionario,Salário Encarregado,,CONFIRMADO,,,2025-12-03 16:18:33.715287+00,,false,now,,4,,cabralia,0.00,,false
189bc413-5691-47c5-9431-df7ac4cfd392,DESPESA,2026-09-01,12000.00,terceirizados,Locação Caçamba 03,,CONFIRMADO,,,2025-12-03 16:18:26.660935+00,,false,particular,,12,,cabralia,0.00,,false
18cbc91b-bf6f-4ad7-9acb-9313b2379807,DESPESA,2025-10-01,30000.00,equipamentos,Locação Motoniveladora,,CONFIRMADO,514b7ed1-6ebb-42bf-912b-fd2bfa8abdad,,2025-12-02 16:49:56.393306+00,,true,now,12,,,cabralia,0.00,,false
1907ada3-d6b0-4dcd-bad9-3b8d11025675,DESPESA,2025-12-01,12000.00,terceirizados,Locação Caçamba 04,,CONFIRMADO,,,2025-12-03 16:18:26.905891+00,,false,particular,,3,,cabralia,0.00,,false
192c5280-fa2f-4016-beaf-daf335cbd151,DESPESA,2025-10-01,-72744.44,terceirizados,Patrol + Revisões,,CONFIRMADO,,,2025-12-03 16:58:37.223381+00,,true,ronaldo,6,1,,cabralia,0.00,,false
19408aba-8cd5-4859-8521-414d2f3d0fa4,DESPESA,2026-01-01,18000.00,equipamentos,Locação Retroescavadeira,,CONFIRMADO,04561899-3a03-45c9-aecd-c0c2d5dee96c,,2025-12-03 16:18:03.83179+00,,false,now,,4,,cabralia,0.00,,false
199ab02c-7ba0-4794-8274-6216eb911c0b,DESPESA,2025-10-01,15000.00,terceirizados,Locação Baú,,CONFIRMADO,,,2025-12-03 01:28:21.043196+00,,true,gestao,12,,,cabralia,0.00,,false
1a4adbcd-f814-44d7-a84e-ece8547749de,DESPESA,2026-02-01,3581.66,funcionario,Salário Operador Rolo Compactador,,CONFIRMADO,dd39670a-04b3-4853-babc-1867e29fd5cd,,2025-12-03 16:18:21.585046+00,,false,now,,5,,cabralia,0.00,,false
1ac2d359-037a-4422-af2f-bbe083f48a8f,DESPESA,2026-09-01,5315.00,terceirizados,Salário Operador Motoniveladora 2 Ronaldo/Sid,,CONFIRMADO,,,2025-12-03 16:18:33.381766+00,,false,terceirizados,,12,,cabralia,0.00,,false
1cf21072-f722-4dbf-a82a-d34ca3344ffe,DESPESA,2026-03-01,10000.00,terceirizados,Locação Trucado 01,,CONFIRMADO,,,2025-12-03 16:18:29.100196+00,,false,gestao,,6,,cabralia,0.00,,false
1e5055d3-cade-449c-9c32-0e18f3dfce60,DESPESA,2026-02-01,10000.00,equipamentos,Locação Bobcat,,CONFIRMADO,4bc7e9b9-0f0a-48c2-b7e3-bcc3ce8d342d,,2025-12-03 16:18:07.785469+00,,false,now,,5,,cabralia,0.00,,false
1e5e4cfc-788c-4831-9c7c-09853ac5579b,DESPESA,2026-07-01,14000.00,terceirizados,Locação Poliguindaste Felipe,,CONFIRMADO,,,2025-12-03 16:18:15.032205+00,,false,felipe_viatransportes,,10,,cabralia,0.00,,false
1ec37a44-845c-4337-8b65-5547f2a5668e,DESPESA,2026-04-02,3581.66,funcionario,Salário Operador Pá Carregadeira,,CONFIRMADO,c4ffceac-4dd7-4951-b478-6cb7f143416f,,2025-12-03 16:18:22.645407+00,,false,now,,7,,cabralia,0.00,,false
1ec41252-b424-462a-aa01-a9b285559bde,DESPESA,2025-12-01,72744.44,terceirizados,Patrol + Revisões Ronaldo/Sid,,CONFIRMADO,,,2025-12-03 17:21:06.01005+00,,false,parcela_patrol_ronaldo,,3,,cabralia,0.00,,false
1f0608e3-b934-4699-bc6f-5091a808864d,DESPESA,2026-08-01,30000.00,equipamentos,Locação Motoniveladora,,CONFIRMADO,514b7ed1-6ebb-42bf-912b-fd2bfa8abdad,,2025-12-03 16:18:05.386018+00,,false,now,,11,,cabralia,0.00,,false
1f96fbe4-0b5d-4dc8-b540-803ef7299e4f,DESPESA,2026-06-01,21000.00,terceirizados,Locação Caçamba 03 Felipe,,CONFIRMADO,,,2025-12-03 16:18:14.061249+00,,false,felipe_viatransportes,,9,,cabralia,0.00,,false
1fb5df13-df60-40d0-ad98-c6208832ab6a,DESPESA,2025-12-01,12000.00,terceirizados,Locação Caçamba 01,,CONFIRMADO,,,2025-12-03 16:18:24.137017+00,,false,particular,,3,,cabralia,0.00,,false
206692de-2ad2-4cd5-9f2a-a95bca036ccf,DESPESA,2026-03-01,3500.00,terceirizados,Salário Operador Poliguindaste,,CONFIRMADO,,,2025-12-03 18:23:03.881742+00,,false,terceirizados,,6,,cabralia,0.00,,false
20bd6002-e28d-439b-ac03-fda759261d9b,DESPESA,2026-07-01,5315.00,terceirizados,Salário Operador Motoniveladora 2 Ronaldo/Sid,,CONFIRMADO,,,2025-12-03 16:18:33.236684+00,,false,terceirizados,,10,,cabralia,0.00,,false
22218c0b-fbd7-4747-82e3-78a1c4f5646a,DESPESA,2025-12-01,10000.00,equipamentos,Locação Bobcat,,CONFIRMADO,4bc7e9b9-0f0a-48c2-b7e3-bcc3ce8d342d,,2025-12-03 16:18:07.642758+00,,false,now,,3,,cabralia,0.00,,false
234f8a17-bf8f-4b08-8684-96e0a6df2012,DESPESA,2026-06-01,12000.00,terceirizados,Locação Caçamba 04,,CONFIRMADO,,,2025-12-03 16:18:27.387421+00,,false,particular,,9,,cabralia,0.00,,false
23881dae-7086-4881-bed6-7dbe0a29a766,DESPESA,2026-01-01,3581.66,funcionario,Salário Operador Rolo Compactador,,CONFIRMADO,dd39670a-04b3-4853-babc-1867e29fd5cd,,2025-12-03 16:18:21.504769+00,,false,now,,4,,cabralia,0.00,,false
238a6383-df3e-4f0e-86ff-e3fe0c7d1690,DESPESA,2026-03-01,45986.44,terceirizados,Locação Motoniveladora Ronaldo/Sid,,CONFIRMADO,,,2025-12-03 16:18:16.567205+00,"__DEBIT__:{""amount"":5315,""description"":""Operador""}",false,ronaldo,,6,,cabralia,0.00,,false
25de3c85-63fd-4a88-bbb5-f03707dce894,DESPESA,2025-10-01,-34272.00,terceirizados,Abatimento Imposto,,CONFIRMADO,,,2025-12-02 17:23:40.548984+00,,true,felipe_viatransportes,12,,,cabralia,0.00,,false
2734fee2-f251-4146-93c5-5d027474066c,DESPESA,2025-12-01,21000.00,terceirizados,Locação Caçamba 01 Felipe,,CONFIRMADO,,,2025-12-03 16:18:11.693693+00,,false,felipe_viatransportes,,3,,cabralia,0.00,,false
28762b66-4d06-4123-9fd4-4e3d7489c442,DESPESA,2026-01-01,12000.00,terceirizados,Locação Caçamba 01,,CONFIRMADO,,,2025-12-03 16:18:24.21254+00,,false,particular,,4,,cabralia,0.00,,false
28799104-96fe-4818-b8c3-5a5b43ed2950,DESPESA,2025-10-01,2000.00,funcionario,Salário Encarregado,,CONFIRMADO,,,2025-12-03 01:34:49.15503+00,,true,now,12,1,,cabralia,0.00,,false
2881a1a2-5578-4ac3-9395-b761a02e2545,DESPESA,2025-10-01,34272.00,impostos,Imposto Felipe,,CONFIRMADO,,,2025-12-03 01:54:08.592988+00,,true,imposto,12,1,,cabralia,0.00,,false
290e4119-900c-4e63-b7a5-0170e0d645e5,DESPESA,2026-02-01,21000.00,terceirizados,Locação Caçamba 01 Felipe,,CONFIRMADO,,,2025-12-03 16:18:11.860193+00,,false,felipe_viatransportes,,5,,cabralia,0.00,,false
295c0e23-ad79-4a0d-8a10-d3f8ef55068f,DESPESA,2026-01-01,21000.00,terceirizados,Locação Limpa Fossa Felipe,,CONFIRMADO,,,2025-12-03 16:18:09.699762+00,,false,felipe_viatransportes,,4,,cabralia,0.00,,false
297fc8d3-e253-453b-a0cd-80e316a9cf7a,DESPESA,2026-04-01,21000.00,terceirizados,Locação Retroescavadeira Felipe,,CONFIRMADO,,,2025-12-03 16:18:08.961915+00,,false,felipe_viatransportes,,7,,cabralia,0.00,,false
29a682f9-cb30-4fb3-a041-8b28614435d5,DESPESA,2026-08-01,3256.00,funcionario,Salário Operador Bobcat,,CONFIRMADO,4bc7e9b9-0f0a-48c2-b7e3-bcc3ce8d342d,,2025-12-03 16:18:23.83446+00,,false,now,,11,,cabralia,0.00,,false
29e456c5-5d60-4a9b-a2ad-eb802cec5626,DESPESA,2025-11-01,12000.00,terceirizados,Locação Caçamba 02,,CONFIRMADO,,,2025-12-03 16:18:24.975053+00,,false,particular,,2,,cabralia,0.00,,false
2a4624fd-b943-4ff5-a104-d3458d8ccd12,DESPESA,2026-08-01,-24287.61,terceirizados,Imposto Ronaldo/Sid,,CONFIRMADO,,,2025-12-03 16:18:37.036591+00,"__DEBIT__:{""amount"":24287.61,""description"":""Imposto Ronaldo/Sid""}",false,ronaldo,,11,,cabralia,0.00,,false
2aa5a6a9-150e-4cf3-8332-cc3ae02881cb,DESPESA,2026-03-01,21000.00,terceirizados,Locação Caçamba 02 Felipe,,CONFIRMADO,,,2025-12-03 16:18:12.89989+00,,false,felipe_viatransportes,,6,,cabralia,0.00,,false
2ab0a660-39e9-49d4-a228-239c2a56117f,DESPESA,2025-11-01,21000.00,terceirizados,Locação Retroescavadeira Felipe,,CONFIRMADO,,,2025-12-03 16:18:08.558116+00,,false,felipe_viatransportes,,2,,cabralia,0.00,,false
2aecf738-a488-4f1b-b8c8-11374dcdbf05,DESPESA,2025-11-01,-34272.00,terceirizados,Abatimento Imposto,,CONFIRMADO,,,2025-12-03 16:18:15.330545+00,,false,felipe_viatransportes,,2,,cabralia,0.00,,false
2bcb1050-e18a-428d-ab1a-14cb805f19bb,DESPESA,2026-05-01,10000.00,equipamentos,Locação Bobcat,,CONFIRMADO,4bc7e9b9-0f0a-48c2-b7e3-bcc3ce8d342d,,2025-12-03 16:18:08.016746+00,,false,now,,8,,cabralia,0.00,,false
2bf30e09-6ec8-4e64-aca4-96904e7fe7d1,DESPESA,2026-03-01,-24287.61,terceirizados,Imposto Ronaldo/Sid,,CONFIRMADO,,,2025-12-03 16:18:36.65487+00,"__DEBIT__:{""amount"":24287.61,""description"":""Imposto Ronaldo/Sid""}",false,ronaldo,,6,,cabralia,0.00,,false
2c13d42d-8606-452b-9b15-482e0a0e6afc,DESPESA,2025-12-02,3581.66,funcionario,Salário Operador Pá Carregadeira,,CONFIRMADO,c4ffceac-4dd7-4951-b478-6cb7f143416f,,2025-12-03 16:18:22.338894+00,,false,now,,3,,cabralia,0.00,,false
2d4d737b-0665-4c91-a690-402201743e42,DESPESA,2025-12-01,10000.00,terceirizados,Locação Trucado 01,,CONFIRMADO,,,2025-12-03 16:18:28.868352+00,,false,gestao,,3,,cabralia,0.00,,false
2d597040-a0dc-4518-9684-1cea3b162633,DESPESA,2026-04-01,10000.00,terceirizados,Locação Trucado 01,,CONFIRMADO,,,2025-12-03 16:18:29.173515+00,,false,gestao,,7,,cabralia,0.00,,false
2e0b6eab-b4b8-4525-b9e6-81bb425192e3,DESPESA,2026-09-01,12000.00,terceirizados,Locação Caçamba 02,,CONFIRMADO,,,2025-12-03 16:18:25.75541+00,,false,particular,,12,,cabralia,0.00,,false
2e221859-694a-41dc-8042-6df9fc38d71d,DESPESA,2026-05-02,3581.66,funcionario,Salário Operador Pá Carregadeira,,CONFIRMADO,c4ffceac-4dd7-4951-b478-6cb7f143416f,,2025-12-03 16:18:22.718775+00,,false,now,,8,,cabralia,0.00,,false
2e3c6abc-cfce-474a-9f47-f65ebe88d1f8,DESPESA,2026-04-01,21000.00,terceirizados,Locação Caçamba 03 Felipe,,CONFIRMADO,,,2025-12-03 16:18:13.914869+00,,false,felipe_viatransportes,,7,,cabralia,0.00,,false
2efab996-0e81-467e-8076-386892b95228,DESPESA,2026-08-01,22000.00,equipamentos,Locação Rolo Compactador,,CONFIRMADO,dd39670a-04b3-4853-babc-1867e29fd5cd,,2025-12-03 16:18:07.330765+00,,false,now,,11,,cabralia,0.00,,false
2fe1e8b4-d41a-4c9c-a31d-dfbb5ce072be,DESPESA,2026-03-01,12000.00,terceirizados,Locação Caçamba 01,,CONFIRMADO,,,2025-12-03 16:18:24.365393+00,,false,particular,,6,,cabralia,0.00,,false
304b88ee-8082-416b-bfb4-d9d9f5082da2,DESPESA,2025-11-01,-24287.61,terceirizados,Imposto Ronaldo/Sid,,CONFIRMADO,,,2025-12-03 16:18:36.349664+00,"__DEBIT__:{""amount"":24287.61,""description"":""Imposto Ronaldo/Sid""}",false,ronaldo,,2,,cabralia,0.00,,false
30f022d2-cb38-4214-a7f1-086cc12384f0,DESPESA,2026-05-01,3581.66,terceirizados,Salário Operador Prancha Ronaldo/Sid,,CONFIRMADO,,,2025-12-03 16:18:32.139948+00,,false,terceirizados,,8,,cabralia,0.00,,false
30fb89f6-5e95-4a0b-ad1f-aec84d8f75f7,DESPESA,2026-06-01,3581.66,terceirizados,Salário Operador Prancha Ronaldo/Sid,,CONFIRMADO,,,2025-12-03 16:18:32.211321+00,,false,terceirizados,,9,,cabralia,0.00,,false
320cdeb5-a555-4f87-8fae-de7364a26f17,DESPESA,2026-03-01,21000.00,terceirizados,Locação Caçamba 03 Felipe,,CONFIRMADO,,,2025-12-03 16:18:13.82693+00,,false,felipe_viatransportes,,6,,cabralia,0.00,,false
3240d166-60d3-4c24-9f0c-bf02e6629977,DESPESA,2026-06-01,2000.00,funcionario,Salário Encarregado,,CONFIRMADO,,,2025-12-03 16:18:34.0916+00,,false,now,,9,,cabralia,0.00,,false
32703421-67a7-4fd1-ad0a-f24d4d8586e8,DESPESA,2026-02-01,34272.00,impostos,Imposto Felipe,,CONFIRMADO,,,2025-12-03 16:18:35.633973+00,,false,imposto,,5,,cabralia,0.00,,false
32858303-22e4-4562-94a8-73c10300215d,DESPESA,2026-07-01,8000.00,terceirizados,Locação Trucado 02,,CONFIRMADO,,,2025-12-03 16:18:30.338354+00,,false,gestao,,10,,cabralia,0.00,,false
32df295f-46cc-45af-8b4e-bc41c12b0f3d,DESPESA,2026-04-01,22000.00,equipamentos,Locação Pá Carregadeira,,CONFIRMADO,c4ffceac-4dd7-4951-b478-6cb7f143416f,,2025-12-04 09:18:28.950186+00,,false,now,,7,,cabralia,0.00,,false
3319b106-39e6-46ba-a041-6a6f234e7f55,DESPESA,2026-09-01,2000.00,funcionario,Salário Encarregado,,CONFIRMADO,,,2025-12-03 16:18:34.315255+00,,false,now,,12,,cabralia,0.00,,false
337cd150-8978-4615-91bb-980f802dadd9,DESPESA,2026-08-01,5315.00,terceirizados,Salário Operador Motoniveladora 2 Ronaldo/Sid,,CONFIRMADO,,,2025-12-03 16:18:33.311768+00,,false,terceirizados,,11,,cabralia,0.00,,false
345a79e8-4f1e-4d92-a0ca-8aa36d5986b9,DESPESA,2026-06-01,45986.44,terceirizados,Locação Motoniveladora Ronaldo/Sid,,CONFIRMADO,,,2025-12-03 16:18:16.789699+00,"__DEBIT__:{""amount"":5315,""description"":""Operador""}",false,ronaldo,,9,,cabralia,0.00,,false
345ceaf6-339a-471f-9ff0-dea10be1caab,DESPESA,2026-06-01,21000.00,terceirizados,Locação Limpa Fossa Felipe,,CONFIRMADO,,,2025-12-03 16:18:10.147228+00,,false,felipe_viatransportes,,9,,cabralia,0.00,,false
3489b927-672b-4945-92df-78d09bc5394b,DESPESA,2025-11-01,3581.66,funcionario,Salário Operador Retroescavadeira,,CONFIRMADO,04561899-3a03-45c9-aecd-c0c2d5dee96c,,2025-12-03 16:18:20.437606+00,,false,now,,2,,cabralia,0.00,,false
34d03324-6aed-40a3-872b-b9abef9ff972,DESPESA,2026-01-01,14000.00,terceirizados,Locação Poliguindaste Felipe,,CONFIRMADO,,,2025-12-03 16:18:14.588608+00,,false,felipe_viatransportes,,4,,cabralia,0.00,,false
35183ad6-c238-4cc1-87a3-01f7ad27715b,DESPESA,2026-09-01,10000.00,terceirizados,Locação Pá Carregadeira,,CONFIRMADO,,,2025-12-03 18:11:31.477312+00,,false,gestao,,12,,cabralia,0.00,,false
357cb6f0-ff3a-4311-9e5a-45e9e424ae1f,DESPESA,2025-11-01,21000.00,terceirizados,Locação Caçamba 01 Felipe,,CONFIRMADO,,,2025-12-03 16:18:11.610023+00,,false,felipe_viatransportes,,2,,cabralia,0.00,,false
35a095bf-3f8d-474b-92c1-5ccecd5717fc,DESPESA,2026-02-01,21000.00,terceirizados,Locação Pipa Felipe,,CONFIRMADO,,,2025-12-03 16:18:10.85506+00,,false,felipe_viatransportes,,5,,cabralia,0.00,,false
363c61d6-7d9f-440a-be13-c4785ff217d4,DESPESA,2026-08-01,34272.00,impostos,Imposto Felipe,,CONFIRMADO,,,2025-12-03 16:18:36.12383+00,,false,imposto,,11,,cabralia,0.00,,false
368af815-5b3e-4f7f-8cfc-65d51c2a1d20,DESPESA,2026-09-01,3500.00,terceirizados,Salário Operador Poliguindaste,,CONFIRMADO,,,2025-12-03 18:23:04.733136+00,,false,terceirizados,,12,,cabralia,0.00,,false
38fb5125-6a55-4895-8373-5cf6c88f641c,DESPESA,2026-01-01,21000.00,terceirizados,Locação Caçamba 01 Felipe,,CONFIRMADO,,,2025-12-03 16:18:11.763059+00,,false,felipe_viatransportes,,4,,cabralia,0.00,,false
398535e3-6b68-46c8-87ba-0f3f7f3eb42a,DESPESA,2026-08-01,-34272.00,terceirizados,Abatimento Imposto,,CONFIRMADO,,,2025-12-03 16:18:16.036477+00,,false,felipe_viatransportes,,11,,cabralia,0.00,,false
39c7efe0-6c22-4956-9e53-f3a3c11184e1,DESPESA,2026-01-01,15000.00,terceirizados,Locação Baú,,CONFIRMADO,,,2025-12-03 16:18:27.970018+00,,false,gestao,,4,,cabralia,0.00,,false
3b2b56f1-40de-451e-ac5c-c47cb48e288c,DESPESA,2026-02-01,-24287.61,terceirizados,Imposto Ronaldo/Sid,,CONFIRMADO,,,2025-12-03 16:18:36.577686+00,"__DEBIT__:{""amount"":24287.61,""description"":""Imposto Ronaldo/Sid""}",false,ronaldo,,5,,cabralia,0.00,,false
3dc26a20-3189-4de2-812c-abeb6f8acd03,DESPESA,2026-08-01,2000.00,funcionario,Salário Encarregado,,CONFIRMADO,,,2025-12-03 16:18:34.242462+00,,false,now,,11,,cabralia,0.00,,false
3eaaa40e-0682-422c-b941-0be07a657b2f,DESPESA,2025-11-01,22000.00,equipamentos,Locação Pá Carregadeira,,CONFIRMADO,c4ffceac-4dd7-4951-b478-6cb7f143416f,,2025-12-04 09:18:27.949634+00,,false,now,,2,,cabralia,0.00,,false
3ed328c0-4415-4a39-9e27-3ad7c943ba7c,DESPESA,2026-02-01,14000.00,terceirizados,Locação Poliguindaste Felipe,,CONFIRMADO,,,2025-12-03 16:18:14.661965+00,,false,felipe_viatransportes,,5,,cabralia,0.00,,false
40dc8912-d9ba-4b60-bc2c-10b9a11f7a18,DESPESA,2025-10-01,10000.00,terceirizados,Locação Trucado 01,,CONFIRMADO,,,2025-12-03 01:29:20.158252+00,,true,gestao,12,1,,cabralia,0.00,,false
41b6cfe7-0d5a-46d0-8fdd-ce55f3108b46,DESPESA,2026-01-01,24287.61,impostos,Imposto Ronaldo,,CONFIRMADO,,,2025-12-03 16:56:26.136454+00,,false,imposto,,4,,cabralia,0.00,,false
42e4d822-41f0-418f-848d-8cd11df560a6,DESPESA,2025-11-01,3500.00,terceirizados,Salário Operador Poliguindaste,,CONFIRMADO,,,2025-12-03 18:23:03.144544+00,,false,terceirizados,,2,,cabralia,0.00,,false
42fe76b6-7b92-4c1c-96ab-fba89c9d9a66,DESPESA,2026-01-01,22000.00,equipamentos,Locação Rolo Compactador,,CONFIRMADO,dd39670a-04b3-4853-babc-1867e29fd5cd,,2025-12-03 16:18:06.791324+00,,false,now,,4,,cabralia,0.00,,false
432c7e55-508a-4950-bcbf-c4c924e32df7,DESPESA,2025-12-01,12000.00,terceirizados,Locação Caçamba 02,,CONFIRMADO,,,2025-12-03 16:18:25.062577+00,,false,particular,,3,,cabralia,0.00,,false
43774c60-a7f2-4e50-bfa1-d66457ce1c66,DESPESA,2026-04-01,10000.00,terceirizados,Locação Pá Carregadeira,,CONFIRMADO,,,2025-12-03 18:11:31.012256+00,,false,gestao,,7,,cabralia,0.00,,false
43d09856-bcbc-46d7-92f3-ce43fd01fdc4,DESPESA,2026-06-01,22000.00,equipamentos,Locação Rolo Compactador,,CONFIRMADO,dd39670a-04b3-4853-babc-1867e29fd5cd,,2025-12-03 16:18:07.180517+00,,false,now,,9,,cabralia,0.00,,false
4440fe88-4820-402a-a199-1b704ff9c1de,DESPESA,2026-05-01,5315.00,terceirizados,Salário Operador Motoniveladora 2 Ronaldo/Sid,,CONFIRMADO,,,2025-12-03 16:18:33.077366+00,,false,terceirizados,,8,,cabralia,0.00,,false
44805769-6c9d-4e58-b8ee-9ebcf8ed4fc1,DESPESA,2026-06-01,21000.00,terceirizados,Locação Retroescavadeira Felipe,,CONFIRMADO,,,2025-12-03 16:18:09.127774+00,,false,felipe_viatransportes,,9,,cabralia,0.00,,false
44ef40ca-b660-4606-8987-fc6056dd39a2,DESPESA,2026-09-01,3581.66,terceirizados,Salário Operador Prancha Ronaldo/Sid,,CONFIRMADO,,,2025-12-03 16:18:32.444835+00,,false,terceirizados,,12,,cabralia,0.00,,false
44f40db1-f101-4e87-87d1-b7164862fda8,DESPESA,2026-01-01,30000.00,equipamentos,Locação Motoniveladora,,CONFIRMADO,514b7ed1-6ebb-42bf-912b-fd2bfa8abdad,,2025-12-03 16:18:04.794981+00,,false,now,,4,,cabralia,0.00,,false
461d813d-483a-45f2-8ee1-ee661c48abf9,DESPESA,2026-07-01,21000.00,terceirizados,Locação Limpa Fossa Felipe,,CONFIRMADO,,,2025-12-03 16:18:10.240967+00,,false,felipe_viatransportes,,10,,cabralia,0.00,,false
46913d9f-8b39-4827-83a8-e57302e869f2,DESPESA,2025-12-01,21000.00,terceirizados,Locação Caçamba 02 Felipe,,CONFIRMADO,,,2025-12-03 16:18:12.677013+00,,false,felipe_viatransportes,,3,,cabralia,0.00,,false
4765a7ca-1976-42db-85a9-a88d4f883c5e,DESPESA,2026-02-01,10000.00,terceirizados,Locação Trucado 01,,CONFIRMADO,,,2025-12-03 16:18:29.02482+00,,false,gestao,,5,,cabralia,0.00,,false
47a1c7a7-27dc-4c20-9432-fd2da08dbaa7,DESPESA,2026-04-01,-34272.00,terceirizados,Abatimento Imposto,,CONFIRMADO,,,2025-12-03 16:18:15.709293+00,,false,felipe_viatransportes,,7,,cabralia,0.00,,false
47a52c08-e1ed-4719-b614-c73c5ce8ef0f,DESPESA,2026-08-01,21000.00,terceirizados,Locação Caçamba 03 Felipe,,CONFIRMADO,,,2025-12-03 16:18:14.207597+00,,false,felipe_viatransportes,,11,,cabralia,0.00,,false
47ad28b4-0eb6-46bf-a41b-c8982f2d9821,DESPESA,2026-02-01,72744.44,terceirizados,Patrol + Revisões Ronaldo/Sid,,CONFIRMADO,,,2025-12-03 17:21:06.355637+00,,false,parcela_patrol_ronaldo,,5,,cabralia,0.00,,false
47b72681-7522-443b-aa8e-2408d5e17968,DESPESA,2026-07-01,3581.66,funcionario,Salário Operador Retroescavadeira,,CONFIRMADO,04561899-3a03-45c9-aecd-c0c2d5dee96c,,2025-12-03 16:18:21.049463+00,,false,now,,10,,cabralia,0.00,,false
48097004-7826-4eed-8acd-59404d3afe32,DESPESA,2025-11-01,22000.00,equipamentos,Locação Rolo Compactador,,CONFIRMADO,dd39670a-04b3-4853-babc-1867e29fd5cd,,2025-12-03 16:18:06.637287+00,,false,now,,2,,cabralia,0.00,,false
48657983-16a2-4d26-b065-46c5e6547ea2,DESPESA,2025-10-01,21000.00,terceirizados,Locação Caçamba 03 Felipe,,CONFIRMADO,,,2025-12-02 17:21:57.186166+00,,true,felipe_viatransportes,12,,,cabralia,0.00,,false
48a07010-c67c-4250-92bf-e448a53caac5,DESPESA,2026-06-01,21000.00,terceirizados,Locação Caçamba 01 Felipe,,CONFIRMADO,,,2025-12-03 16:18:12.223591+00,,false,felipe_viatransportes,,9,,cabralia,0.00,,false
4a399e6b-0cd5-4dc1-9f36-43b16053a856,DESPESA,2026-05-01,21000.00,terceirizados,Locação Pipa Felipe,,CONFIRMADO,,,2025-12-03 16:18:11.097942+00,,false,felipe_viatransportes,,8,,cabralia,0.00,,false
4acb323b-d3da-477a-9987-456e723be42f,DESPESA,2026-04-01,12000.00,terceirizados,Locação Caçamba 01,,CONFIRMADO,,,2025-12-03 16:18:24.441607+00,,false,particular,,7,,cabralia,0.00,,false
4bc0d6b9-8687-4cb7-811e-107daab89e85,DESPESA,2026-09-01,42535.52,terceirizados,Locação Prancha Ronaldo/Sid,,CONFIRMADO,,,2025-12-03 16:18:17.937174+00,"__DEBIT__:{""amount"":3581,""description"":""Operador""}",false,ronaldo,,12,,cabralia,0.00,,false
4bc92cbf-890a-4828-9cc7-035c294290d2,DESPESA,2025-12-01,21000.00,terceirizados,Locação Limpa Fossa Felipe,,CONFIRMADO,,,2025-12-03 16:18:09.621597+00,,false,felipe_viatransportes,,3,,cabralia,0.00,,false
4cf52206-0963-47bb-a0ca-8c73aa805461,DESPESA,2026-07-01,30000.00,equipamentos,Locação Motoniveladora,,CONFIRMADO,514b7ed1-6ebb-42bf-912b-fd2bfa8abdad,,2025-12-03 16:18:05.307762+00,,false,now,,10,,cabralia,0.00,,false
4d3a3fda-d332-47f8-bb68-d4dbc8e3b3b5,DESPESA,2025-11-01,72744.44,terceirizados,Patrol + Revisões Ronaldo/Sid,,CONFIRMADO,,,2025-12-03 17:21:05.788815+00,,false,parcela_patrol_ronaldo,,2,,cabralia,0.00,,false
4d739104-af52-4849-8d7d-ebcfc8c73c00,DESPESA,2026-05-01,8000.00,terceirizados,Locação Trucado 02,,CONFIRMADO,,,2025-12-03 16:18:30.18663+00,,false,gestao,,8,,cabralia,0.00,,false
4e1b7c6b-dc77-4550-8ae2-93791e2da71e,DESPESA,2026-04-01,-24287.61,terceirizados,Imposto Ronaldo/Sid,,CONFIRMADO,,,2025-12-03 16:18:36.73099+00,"__DEBIT__:{""amount"":24287.61,""description"":""Imposto Ronaldo/Sid""}",false,ronaldo,,7,,cabralia,0.00,,false
4efa306c-d843-4033-ae98-8fcdcd0d50a9,DESPESA,2026-06-01,12000.00,terceirizados,Locação Caçamba 01,,CONFIRMADO,,,2025-12-03 16:18:24.600204+00,,false,particular,,9,,cabralia,0.00,,false
4fda03b8-69c4-4716-beed-721df195ee6a,DESPESA,2026-06-01,8000.00,terceirizados,Locação Trucado 02,,CONFIRMADO,,,2025-12-03 16:18:30.262163+00,,false,gestao,,9,,cabralia,0.00,,false
4ff0c67e-5cf8-40f0-ba5c-d64a4e431a18,DESPESA,2026-08-01,131924.60,impostos,Imposto Now,,CONFIRMADO,,,2025-12-03 16:46:33.25388+00,,false,imposto,,11,,cabralia,0.00,,false
50a2880e-213d-446b-9a34-a8328d8351fe,DESPESA,2026-03-01,131924.60,impostos,Imposto Now,,CONFIRMADO,,,2025-12-03 16:46:32.436902+00,,false,imposto,,6,,cabralia,0.00,,false
50b4bd2d-6fd4-4044-83ae-da1d82303876,DESPESA,2026-07-01,10000.00,terceirizados,Locação Pá Carregadeira,,CONFIRMADO,,,2025-12-03 18:11:31.304575+00,,false,gestao,,10,,cabralia,0.00,,false
515283b7-9a73-42e3-b9cb-5517c2a8eb7b,DESPESA,2026-02-01,3581.66,terceirizados,Salário Operador Prancha Ronaldo/Sid,,CONFIRMADO,,,2025-12-03 16:18:31.898826+00,,false,terceirizados,,5,,cabralia,0.00,,false
516d2cf9-d21d-4b3c-9b18-aa45a84127ed,DESPESA,2026-04-01,21000.00,terceirizados,Locação Caçamba 02 Felipe,,CONFIRMADO,,,2025-12-03 16:18:12.973559+00,,false,felipe_viatransportes,,7,,cabralia,0.00,,false
530969a4-c822-4ebc-95b8-0069ae590f9a,DESPESA,2026-06-01,22000.00,equipamentos,Locação Pá Carregadeira,,CONFIRMADO,c4ffceac-4dd7-4951-b478-6cb7f143416f,,2025-12-04 09:18:29.318073+00,,false,now,,9,,cabralia,0.00,,false
53a30f8e-8b5b-43fa-bece-1bd9de1fbb02,DESPESA,2026-05-01,21000.00,terceirizados,Locação Caçamba 02 Felipe,,CONFIRMADO,,,2025-12-03 16:18:13.051161+00,,false,felipe_viatransportes,,8,,cabralia,0.00,,false
53b91b9a-8d76-488c-8767-0b9fd35eb6f3,DESPESA,2026-02-01,21000.00,terceirizados,Locação Caçamba 03 Felipe,,CONFIRMADO,,,2025-12-03 16:18:13.748899+00,,false,felipe_viatransportes,,5,,cabralia,0.00,,false
558ada1c-c986-4d82-8c42-392c388e9079,DESPESA,2026-05-01,18000.00,equipamentos,Locação Retroescavadeira,,CONFIRMADO,04561899-3a03-45c9-aecd-c0c2d5dee96c,,2025-12-03 16:18:04.149582+00,,false,now,,8,,cabralia,0.00,,false
559f207b-1a12-48fd-b05a-6d05d268afa5,DESPESA,2025-11-01,-72744.44,terceirizados,Patrol + Revisões,,CONFIRMADO,,,2025-12-03 16:58:37.423454+00,,false,ronaldo,,2,,cabralia,0.00,,false
56f596df-ff9e-4cc4-9b76-16c3c6d278af,DESPESA,2026-05-01,10000.00,terceirizados,Locação Pá Carregadeira,,CONFIRMADO,,,2025-12-03 18:11:31.113802+00,,false,gestao,,8,,cabralia,0.00,,false
58a5c6c8-673c-4f94-8f41-0cfc1c18eb4d,DESPESA,2026-09-01,30000.00,equipamentos,Locação Motoniveladora,,CONFIRMADO,514b7ed1-6ebb-42bf-912b-fd2bfa8abdad,,2025-12-03 16:18:05.476683+00,,false,now,,12,,cabralia,0.00,,false
590adb05-10cf-4970-a9b7-0bfa6dcf2be7,DESPESA,2026-09-01,21000.00,terceirizados,Locação Retroescavadeira Felipe,,CONFIRMADO,,,2025-12-03 16:18:09.372405+00,,false,felipe_viatransportes,,12,,cabralia,0.00,,false
5919ae55-470c-4398-9fae-2c9edf2239b8,DESPESA,2025-10-01,13579.23,manutencao,Manutenção,,CONFIRMADO,,,2025-12-02 17:00:06.641045+00,,true,now,1,1,,cabralia,0.00,,false
5999022d-f12e-4da0-8deb-496fe560228e,DESPESA,2025-11-01,12000.00,terceirizados,Locação Caçamba 03,,CONFIRMADO,,,2025-12-03 16:18:25.906741+00,,false,particular,,2,,cabralia,0.00,,false
5a694972-06ad-4ed1-bac7-9427f127b5b2,DESPESA,2026-04-01,3256.00,funcionario,Salário Operador Bobcat,,CONFIRMADO,4bc7e9b9-0f0a-48c2-b7e3-bcc3ce8d342d,,2025-12-03 16:18:23.543801+00,,false,now,,7,,cabralia,0.00,,false
5aaa955a-f07b-4695-aa14-f01237fa7a9f,DESPESA,2025-10-01,3500.00,terceirizados,Salário Operador Poliguindaste,,CONFIRMADO,,,2025-12-03 18:23:02.803037+00,,true,terceirizados,12,1,,cabralia,0.00,,false
5ae929d6-4df6-4607-91d8-0624fc9351f2,DESPESA,2026-08-01,5315.00,funcionario,Salário Operador Motoniveladora,,CONFIRMADO,514b7ed1-6ebb-42bf-912b-fd2bfa8abdad,,2025-12-03 16:18:20.194621+00,,false,now,,11,,cabralia,0.00,,false
5b33e700-93c2-4409-9ba7-7be4c12fa52e,DESPESA,2026-01-01,5315.00,terceirizados,Salário Operador Motoniveladora 2 Ronaldo/Sid,,CONFIRMADO,,,2025-12-03 16:18:32.76649+00,,false,terceirizados,,4,,cabralia,0.00,,false
5b5780b8-c1aa-404c-b906-6ce7e2b559a1,DESPESA,2026-01-01,12000.00,terceirizados,Locação Caçamba 04,,CONFIRMADO,,,2025-12-03 16:18:26.982406+00,,false,particular,,4,,cabralia,0.00,,false
5b95a571-58bf-42eb-8c6e-1a045ad3e554,DESPESA,2026-09-01,-34272.00,terceirizados,Abatimento Imposto,,CONFIRMADO,,,2025-12-03 16:18:16.107533+00,,false,felipe_viatransportes,,12,,cabralia,0.00,,false
5be0a389-45f9-406c-a9c0-098b1f0ad072,DESPESA,2026-06-01,3581.66,funcionario,Salário Operador Retroescavadeira,,CONFIRMADO,04561899-3a03-45c9-aecd-c0c2d5dee96c,,2025-12-03 16:18:20.968926+00,,false,now,,9,,cabralia,0.00,,false
5e54dfe9-b5c3-442c-bba9-b04339eee8ae,DESPESA,2025-12-01,21000.00,terceirizados,Locação Retroescavadeira Felipe,,CONFIRMADO,,,2025-12-03 16:18:08.644783+00,,false,felipe_viatransportes,,3,,cabralia,0.00,,false
5ede50e7-7c56-4f0f-ac39-c392cb08a88d,DESPESA,2026-07-01,45986.44,terceirizados,Locação Motoniveladora Ronaldo/Sid,,CONFIRMADO,,,2025-12-03 16:18:16.869868+00,"__DEBIT__:{""amount"":5315,""description"":""Operador""}",false,ronaldo,,10,,cabralia,0.00,,false
5f7e172d-d6f1-4571-8406-3143db70e65a,DESPESA,2025-12-01,22000.00,equipamentos,Locação Pá Carregadeira,,CONFIRMADO,c4ffceac-4dd7-4951-b478-6cb7f143416f,,2025-12-04 09:18:28.157028+00,,false,now,,3,,cabralia,0.00,,false
5f9f74fa-9c15-414e-afe1-25ce07400a40,DESPESA,2025-12-01,22000.00,equipamentos,Locação Rolo Compactador,,CONFIRMADO,dd39670a-04b3-4853-babc-1867e29fd5cd,,2025-12-03 16:18:06.719533+00,,false,now,,3,,cabralia,0.00,,false
605b6ad1-0253-4e25-b9d3-e90b4dd11d47,DESPESA,2026-07-01,3256.00,funcionario,Salário Operador Bobcat,,CONFIRMADO,4bc7e9b9-0f0a-48c2-b7e3-bcc3ce8d342d,,2025-12-03 16:18:23.757098+00,,false,now,,10,,cabralia,0.00,,false
611da6a2-c5db-4d29-a49d-da4e6314e2a9,DESPESA,2026-05-01,21000.00,terceirizados,Locação Retroescavadeira Felipe,,CONFIRMADO,,,2025-12-03 16:18:09.037369+00,,false,felipe_viatransportes,,8,,cabralia,0.00,,false
619b51ea-6852-40b0-a522-b0ca876d4ddc,DESPESA,2026-08-02,3581.66,funcionario,Salário Operador Pá Carregadeira,,CONFIRMADO,c4ffceac-4dd7-4951-b478-6cb7f143416f,,2025-12-03 16:18:22.955003+00,,false,now,,11,,cabralia,0.00,,false
61a5c663-428d-4de7-b072-32fdf9fd3f93,DESPESA,2026-03-01,18000.00,equipamentos,Locação Retroescavadeira,,CONFIRMADO,04561899-3a03-45c9-aecd-c0c2d5dee96c,,2025-12-03 16:18:03.989003+00,,false,now,,6,,cabralia,0.00,,false
61ae45d0-bd54-404c-a2ae-5e53c5038142,DESPESA,2026-03-01,-72744.44,terceirizados,Patrol + Revisões,,CONFIRMADO,,,2025-12-03 16:58:37.87744+00,,false,ronaldo,,6,,cabralia,0.00,,false
62a9d3c9-2463-4f5b-b742-703618e1d505,DESPESA,2026-07-01,22000.00,equipamentos,Locação Rolo Compactador,,CONFIRMADO,dd39670a-04b3-4853-babc-1867e29fd5cd,,2025-12-03 16:18:07.257583+00,,false,now,,10,,cabralia,0.00,,false
63919461-44fd-42ea-a5d0-da24321bab54,DESPESA,2026-05-01,14000.00,terceirizados,Locação Poliguindaste Felipe,,CONFIRMADO,,,2025-12-03 16:18:14.892557+00,,false,felipe_viatransportes,,8,,cabralia,0.00,,false
64be1fdf-f42e-4b0b-b0dd-0944291f1da1,DESPESA,2026-05-01,21000.00,terceirizados,Locação Caçamba 01 Felipe,,CONFIRMADO,,,2025-12-03 16:18:12.147906+00,,false,felipe_viatransportes,,8,,cabralia,0.00,,false
64d9937a-2da6-46f3-876c-7dd83404ce5e,DESPESA,2026-04-01,45986.44,terceirizados,Locação Motoniveladora Ronaldo/Sid,,CONFIRMADO,,,2025-12-03 16:18:16.644633+00,"__DEBIT__:{""amount"":5315,""description"":""Operador""}",false,ronaldo,,7,,cabralia,0.00,,false
64f6919d-8b18-4303-8e76-a269d7f21da1,DESPESA,2026-02-01,-72744.44,terceirizados,Patrol + Revisões,,CONFIRMADO,,,2025-12-03 16:58:37.772396+00,,false,ronaldo,,5,,cabralia,0.00,,false
65eecb82-4f08-456b-9852-fa4aec7b2809,DESPESA,2026-06-01,10692.12,terceirizados,Locação Estacionárias Ronaldo/Sid,,CONFIRMADO,,,2025-12-03 16:18:18.643302+00,,false,ronaldo,,9,,cabralia,0.00,,false
668ab197-7e64-4e0a-8f10-adf78e7b7b25,DESPESA,2026-06-01,12000.00,terceirizados,Locação Caçamba 03,,CONFIRMADO,,,2025-12-03 16:18:26.434016+00,,false,particular,,9,,cabralia,0.00,,false
669c425d-29c6-4909-9521-7451d1bc910d,DESPESA,2025-12-01,42535.52,terceirizados,Locação Prancha Ronaldo/Sid,,CONFIRMADO,,,2025-12-03 16:18:17.246318+00,"__DEBIT__:{""amount"":3581,""description"":""Operador""}",false,ronaldo,,3,,cabralia,0.00,,false
66cb8e15-aea2-455f-99f6-f46aa84b9468,DESPESA,2026-09-01,10000.00,equipamentos,Locação Bobcat,,CONFIRMADO,4bc7e9b9-0f0a-48c2-b7e3-bcc3ce8d342d,,2025-12-03 16:18:08.317149+00,,false,now,,12,,cabralia,0.00,,false
6712bd51-657d-4095-8a0f-6cb551230e5f,DESPESA,2026-03-01,12000.00,terceirizados,Locação Caçamba 03,,CONFIRMADO,,,2025-12-03 16:18:26.211781+00,,false,particular,,6,,cabralia,0.00,,false
68a1f199-9a33-4cf8-aa66-0494e944f692,DESPESA,2026-06-01,15000.00,terceirizados,Locação Baú,,CONFIRMADO,,,2025-12-03 16:18:28.386614+00,,false,gestao,,9,,cabralia,0.00,,false
6908e4a5-346d-4c38-951e-db4c542c5eef,DESPESA,2026-05-01,22000.00,equipamentos,Locação Pá Carregadeira,,CONFIRMADO,c4ffceac-4dd7-4951-b478-6cb7f143416f,,2025-12-04 09:18:29.133121+00,,false,now,,8,,cabralia,0.00,,false
6a6fcf0b-c0a3-46b2-910a-eee37bca7975,DESPESA,2026-04-01,12000.00,terceirizados,Locação Caçamba 04,,CONFIRMADO,,,2025-12-03 16:18:27.228067+00,,false,particular,,7,,cabralia,0.00,,false
6b6228f1-dbc5-49ca-90e3-b5272bfa12aa,DESPESA,2026-06-01,3581.66,funcionario,Salário Operador Rolo Compactador,,CONFIRMADO,dd39670a-04b3-4853-babc-1867e29fd5cd,,2025-12-03 16:18:21.898221+00,,false,now,,9,,cabralia,0.00,,false
6c86cc05-5ba4-4519-90a6-9e91fd862023,DESPESA,2025-10-01,3581.66,terceirizados,Salário Operador Prancha Ronaldo/Sid,,CONFIRMADO,,,2025-12-03 01:32:50.147184+00,,true,terceirizados,12,1,,cabralia,0.00,,false
6cf4d459-afa6-45a9-9215-e7f40a7bfaaa,DESPESA,2025-12-01,-24287.61,terceirizados,Imposto Ronaldo/Sid,,CONFIRMADO,,,2025-12-03 16:18:36.426655+00,"__DEBIT__:{""amount"":24287.61,""description"":""Imposto Ronaldo/Sid""}",false,ronaldo,,3,,cabralia,0.00,,false
6d203630-e06c-4c0c-94a4-5787f2aa391f,DESPESA,2026-02-01,21000.00,terceirizados,Locação Retroescavadeira Felipe,,CONFIRMADO,,,2025-12-03 16:18:08.800959+00,,false,felipe_viatransportes,,5,,cabralia,0.00,,false
6d2496a8-3dc3-4e44-907c-f4d18f263873,DESPESA,2026-07-01,21000.00,terceirizados,Locação Caçamba 02 Felipe,,CONFIRMADO,,,2025-12-03 16:18:13.210393+00,,false,felipe_viatransportes,,10,,cabralia,0.00,,false
6d764bfd-3163-41fb-8a7c-a76c7fb12741,DESPESA,2026-06-01,14000.00,terceirizados,Locação Poliguindaste Felipe,,CONFIRMADO,,,2025-12-03 16:18:14.964655+00,,false,felipe_viatransportes,,9,,cabralia,0.00,,false
6e91f91d-4242-42da-80a3-d5a0764d9301,DESPESA,2025-10-01,21000.00,terceirizados,Locação Caçamba 01 Felipe,,CONFIRMADO,,,2025-12-02 17:20:32.416638+00,,true,felipe_viatransportes,12,,,cabralia,0.00,,false
6ee196dd-db97-4747-aeca-1595f6dbe540,DESPESA,2026-06-01,30000.00,equipamentos,Locação Motoniveladora,,CONFIRMADO,514b7ed1-6ebb-42bf-912b-fd2bfa8abdad,,2025-12-03 16:18:05.220803+00,,false,now,,9,,cabralia,0.00,,false
6f870c36-8c24-427a-a1cf-b2c4a9fddedf,DESPESA,2026-02-01,2000.00,funcionario,Salário Encarregado,,CONFIRMADO,,,2025-12-03 16:18:33.787541+00,,false,now,,5,,cabralia,0.00,,false
6f8cfac3-a45d-417d-a042-f5c8cedd8720,DESPESA,2025-11-01,10000.00,terceirizados,Locação Pá Carregadeira,,CONFIRMADO,,,2025-12-03 18:11:30.491206+00,,false,gestao,,2,,cabralia,0.00,,false
703392b8-3bb8-4456-bb6c-cd3f10977e3b,DESPESA,2026-05-01,2000.00,funcionario,Salário Encarregado,,CONFIRMADO,,,2025-12-03 16:18:34.007498+00,,false,now,,8,,cabralia,0.00,,false
7068e3c5-fe2a-43f2-985f-2da36f20e798,DESPESA,2025-11-01,5500.00,gestor,Salário Gestor,,CONFIRMADO,,,2025-12-03 23:12:57.188759+00,,false,now,,2,,cabralia,0.00,,false
70fe067d-db24-4b68-ad73-a1f26c4e47a0,DESPESA,2026-09-01,3256.00,funcionario,Salário Operador Bobcat,,CONFIRMADO,4bc7e9b9-0f0a-48c2-b7e3-bcc3ce8d342d,,2025-12-03 16:18:23.910501+00,,false,now,,12,,cabralia,0.00,,false
71d3d1f3-6b0f-4bf1-9f2d-f7958f60beeb,DESPESA,2026-07-01,131924.60,impostos,Imposto Now,,CONFIRMADO,,,2025-12-03 16:46:33.141498+00,,false,imposto,,10,,cabralia,0.00,,false
72c34a57-8195-4858-81c2-4d6162f286e4,DESPESA,2026-07-01,12000.00,terceirizados,Locação Caçamba 04,,CONFIRMADO,,,2025-12-03 16:18:27.479781+00,,false,particular,,10,,cabralia,0.00,,false
735faf23-42e6-4ef7-b7da-d3240cb581ea,DESPESA,2025-10-01,12000.00,terceirizados,Locação Caçamba 04,,CONFIRMADO,,,2025-12-03 01:27:12.091186+00,,true,particular,12,,,cabralia,0.00,,false
738e51b1-a29e-46a2-87f4-ed984d5fba47,DESPESA,2026-05-01,5500.00,gestor,Salário Gestor,,CONFIRMADO,,,2025-12-03 23:12:58.593003+00,,false,now,,8,,cabralia,0.00,,false
7390237d-6f80-43bb-8c40-2c039f6c5c93,DESPESA,2025-11-01,21000.00,terceirizados,Locação Pipa Felipe,,CONFIRMADO,,,2025-12-03 16:18:10.596761+00,,false,felipe_viatransportes,,2,,cabralia,0.00,,false
742812a9-6e98-4d3b-8477-e7f9be736f2d,DESPESA,2026-08-01,12000.00,terceirizados,Locação Caçamba 04,,CONFIRMADO,,,2025-12-03 16:18:27.566384+00,,false,particular,,11,,cabralia,0.00,,false
743b66d3-b42a-4450-84e5-fb21b00728b2,DESPESA,2025-10-01,22000.00,equipamentos,Locação Rolo Compactador,,CONFIRMADO,dd39670a-04b3-4853-babc-1867e29fd5cd,,2025-12-02 16:51:39.968762+00,,true,now,12,,,cabralia,0.00,,false
74800f7b-f247-4de4-8086-ff683ba370aa,DESPESA,2026-03-01,10692.12,terceirizados,Locação Estacionárias Ronaldo/Sid,,CONFIRMADO,,,2025-12-03 16:18:18.388203+00,,false,ronaldo,,6,,cabralia,0.00,,false
75f0ed30-a7bf-4ee9-a3bd-aa053fc5d399,DESPESA,2025-12-01,30000.00,equipamentos,Locação Motoniveladora,,CONFIRMADO,514b7ed1-6ebb-42bf-912b-fd2bfa8abdad,,2025-12-03 16:18:04.714246+00,,false,now,,3,,cabralia,0.00,,false
76916a10-9be7-4bdd-90f5-31b643c1b207,DESPESA,2026-05-01,45986.44,terceirizados,Locação Motoniveladora Ronaldo/Sid,,CONFIRMADO,,,2025-12-03 16:18:16.71394+00,"__DEBIT__:{""amount"":5315,""description"":""Operador""}",false,ronaldo,,8,,cabralia,0.00,,false
7771155f-6614-4194-97d8-c1bedf174fd8,DESPESA,2025-12-01,5500.00,gestor,Salário Gestor,,CONFIRMADO,,,2025-12-03 23:12:57.461617+00,,false,now,,3,,cabralia,0.00,,false
778cf1ee-c765-4dc3-a25a-f74f872bae81,DESPESA,2025-10-01,8000.00,terceirizados,Locação Trucado 02,,CONFIRMADO,,,2025-12-03 01:30:45.274797+00,,true,gestao,12,1,,cabralia,0.00,,false
77fa5737-15d8-41b9-860c-6a068f6888d7,DESPESA,2026-05-01,12000.00,terceirizados,Locação Caçamba 02,,CONFIRMADO,,,2025-12-03 16:18:25.438464+00,,false,particular,,8,,cabralia,0.00,,false
7828318b-e4f5-4928-aa3f-ea129df6f6c8,DESPESA,2026-03-01,21000.00,terceirizados,Locação Retroescavadeira Felipe,,CONFIRMADO,,,2025-12-03 16:18:08.878755+00,,false,felipe_viatransportes,,6,,cabralia,0.00,,false
7834e65d-6b7e-4479-92bc-a19472255ff8,DESPESA,2026-08-01,21000.00,terceirizados,Locação Retroescavadeira Felipe,,CONFIRMADO,,,2025-12-03 16:18:09.291925+00,,false,felipe_viatransportes,,11,,cabralia,0.00,,false
784d2fca-5be9-443b-acc9-80ad490ea62c,RECEITA,2025-11-01,678961.80,,Contrato Emergencial Máquinas,,CONFIRMADO,,,2025-12-02 18:23:41.398789+00,,false,,,2,,cabralia,0.00,,false
786a9bfe-f449-4cf2-985e-b0c9a42eccb0,DESPESA,2025-11-01,3581.66,terceirizados,Salário Operador Prancha Ronaldo/Sid,,CONFIRMADO,,,2025-12-03 16:18:31.646547+00,,false,terceirizados,,2,,cabralia,0.00,,false
7a51a6e1-c463-4424-8c70-025ca79d96a5,DESPESA,2026-05-01,3581.66,funcionario,Salário Operador Rolo Compactador,,CONFIRMADO,dd39670a-04b3-4853-babc-1867e29fd5cd,,2025-12-03 16:18:21.819343+00,,false,now,,8,,cabralia,0.00,,false
7a70d6ec-d1e5-4840-b32a-c4f2d7f52d88,DESPESA,2026-01-01,10692.12,terceirizados,Locação Estacionárias Ronaldo/Sid,,CONFIRMADO,,,2025-12-03 16:18:18.237117+00,,false,ronaldo,,4,,cabralia,0.00,,false
7aab268b-757a-4794-84cb-759e7d4ee6de,DESPESA,2026-04-01,3581.66,terceirizados,Salário Operador Prancha Ronaldo/Sid,,CONFIRMADO,,,2025-12-03 16:18:32.067368+00,,false,terceirizados,,7,,cabralia,0.00,,false
7b676282-0066-4ec5-a23a-0ab125831316,DESPESA,2026-09-01,21000.00,terceirizados,Locação Pipa Felipe,,CONFIRMADO,,,2025-12-03 16:18:11.438936+00,,false,felipe_viatransportes,,12,,cabralia,0.00,,false
7ca54717-3c7c-48c6-b75c-139ba5e3402d,DESPESA,2026-06-01,5315.00,terceirizados,Salário Operador Motoniveladora 2 Ronaldo/Sid,,CONFIRMADO,,,2025-12-03 16:18:33.154243+00,,false,terceirizados,,9,,cabralia,0.00,,false
7d1586ae-cbb6-4d8a-aa00-9281f26fb842,DESPESA,2025-10-01,12000.00,terceirizados,Locação Caçamba 01,,CONFIRMADO,,,2025-12-03 01:24:34.304913+00,,true,particular,12,,,cabralia,0.00,,false
7dbac061-7c0d-45cd-b86f-9696c6083413,DESPESA,2025-12-01,3581.66,funcionario,Salário Operador Rolo Compactador,,CONFIRMADO,dd39670a-04b3-4853-babc-1867e29fd5cd,,2025-12-03 16:18:21.425209+00,,false,now,,3,,cabralia,0.00,,false
7dcf2664-d904-48a0-9393-a065d900a9e3,DESPESA,2026-06-01,21000.00,terceirizados,Locação Pipa Felipe,,CONFIRMADO,,,2025-12-03 16:18:11.184319+00,,false,felipe_viatransportes,,9,,cabralia,0.00,,false
7e6684b0-a085-4c79-8f05-01183e5d3e79,DESPESA,2025-12-01,24287.61,impostos,Imposto Ronaldo,,CONFIRMADO,,,2025-12-03 16:56:26.036747+00,,false,imposto,,3,,cabralia,0.00,,false
7f0967e1-062f-4923-9d0a-f76071cc17fc,DESPESA,2026-08-01,10000.00,terceirizados,Locação Pá Carregadeira,,CONFIRMADO,,,2025-12-03 18:11:31.397482+00,,false,gestao,,11,,cabralia,0.00,,false
7fff67cc-9f7b-40bb-9ebb-fa322554b385,DESPESA,2025-11-01,24287.61,impostos,Imposto Ronaldo,,CONFIRMADO,,,2025-12-03 16:56:25.931511+00,,false,imposto,,2,,cabralia,0.00,,false
816cdcda-d498-42c0-846c-3d3be4c3556d,DESPESA,2026-03-01,3581.66,funcionario,Salário Operador Rolo Compactador,,CONFIRMADO,dd39670a-04b3-4853-babc-1867e29fd5cd,,2025-12-03 16:18:21.663016+00,,false,now,,6,,cabralia,0.00,,false
823aa49f-c1d1-45a0-bc78-e5b365f34b01,DESPESA,2026-02-01,12000.00,terceirizados,Locação Caçamba 04,,CONFIRMADO,,,2025-12-03 16:18:27.080574+00,,false,particular,,5,,cabralia,0.00,,false
82caaf9d-18b4-459c-8a5e-b547c671764a,DESPESA,2025-11-01,5315.00,funcionario,Salário Operador Motoniveladora,,CONFIRMADO,514b7ed1-6ebb-42bf-912b-fd2bfa8abdad,,2025-12-03 16:18:19.532639+00,,false,now,,2,,cabralia,0.00,,false
82f0d5a6-f605-4435-a16f-0014fc342241,DESPESA,2026-03-01,21000.00,terceirizados,Locação Limpa Fossa Felipe,,CONFIRMADO,,,2025-12-03 16:18:09.871748+00,,false,felipe_viatransportes,,6,,cabralia,0.00,,false
835a9f7a-dcd3-48af-ba7f-96d4d38efa37,DESPESA,2026-05-01,30000.00,equipamentos,Locação Motoniveladora,,CONFIRMADO,514b7ed1-6ebb-42bf-912b-fd2bfa8abdad,,2025-12-03 16:18:05.115192+00,,false,now,,8,,cabralia,0.00,,false
83614b81-9af1-4b18-9d5b-22d4bbc82fbc,DESPESA,2026-07-01,12000.00,terceirizados,Locação Caçamba 02,,CONFIRMADO,,,2025-12-03 16:18:25.592094+00,,false,particular,,10,,cabralia,0.00,,false
83b95351-1bba-4fec-a790-9abb2457f363,DESPESA,2025-10-01,12000.00,terceirizados,Locação Caçamba 02,,CONFIRMADO,,,2025-12-03 01:25:43.346768+00,,true,particular,12,,,cabralia,0.00,,false
83d9a06a-c80c-437a-89fe-e40f8a5bc812,DESPESA,2026-06-01,42535.52,terceirizados,Locação Prancha Ronaldo/Sid,,CONFIRMADO,,,2025-12-03 16:18:17.717767+00,"__DEBIT__:{""amount"":3581,""description"":""Operador""}",false,ronaldo,,9,,cabralia,0.00,,false
8436b304-bd27-4829-8a96-eed0be1814e3,DESPESA,2026-05-01,24287.61,impostos,Imposto Ronaldo,,CONFIRMADO,,,2025-12-03 16:56:26.574356+00,,false,imposto,,8,,cabralia,0.00,,false
851d2eb4-26c0-4f89-a880-ae643c8f17ba,DESPESA,2026-07-01,3581.66,funcionario,Salário Operador Rolo Compactador,,CONFIRMADO,dd39670a-04b3-4853-babc-1867e29fd5cd,,2025-12-03 16:18:21.97324+00,,false,now,,10,,cabralia,0.00,,false
852f2eb2-d830-4f9a-bfb2-2e0223b278d4,DESPESA,2026-03-01,5315.00,terceirizados,Salário Operador Motoniveladora 2 Ronaldo/Sid,,CONFIRMADO,,,2025-12-03 16:18:32.929927+00,,false,terceirizados,,6,,cabralia,0.00,,false
8539ce09-678d-4d6c-b445-5d5792eec09e,DESPESA,2025-12-01,3581.66,terceirizados,Salário Operador Prancha Ronaldo/Sid,,CONFIRMADO,,,2025-12-03 16:18:31.725323+00,,false,terceirizados,,3,,cabralia,0.00,,false
86243ae1-8a4c-4b4f-9620-f4932a16b7ef,DESPESA,2026-06-01,10000.00,terceirizados,Locação Trucado 01,,CONFIRMADO,,,2025-12-03 16:18:29.330987+00,,false,gestao,,9,,cabralia,0.00,,false
8636a1b3-02a4-49d9-b84e-3b2c03d70077,DESPESA,2025-10-01,10000.00,terceirizados,Locação Pá Carregadeira,,CONFIRMADO,,,2025-12-03 18:11:30.377898+00,,true,gestao,12,1,,cabralia,0.00,,false
86b1ffee-58fe-4a45-a377-f01425e49c8e,DESPESA,2026-04-01,12000.00,terceirizados,Locação Caçamba 02,,CONFIRMADO,,,2025-12-03 16:18:25.362185+00,,false,particular,,7,,cabralia,0.00,,false
87eedb1b-f8b9-4792-84d4-59511e052517,DESPESA,2026-03-01,22000.00,equipamentos,Locação Pá Carregadeira,,CONFIRMADO,c4ffceac-4dd7-4951-b478-6cb7f143416f,,2025-12-04 09:18:28.754433+00,,false,now,,6,,cabralia,0.00,,false
89a4c052-264a-4573-b332-7f19e7fb99b0,DESPESA,2025-11-01,12000.00,terceirizados,Locação Caçamba 01,,CONFIRMADO,,,2025-12-03 16:18:24.060562+00,,false,particular,,2,,cabralia,0.00,,false
89e587e9-7ba6-4365-8e01-51bb0851f13d,DESPESA,2026-08-01,10000.00,equipamentos,Locação Bobcat,,CONFIRMADO,4bc7e9b9-0f0a-48c2-b7e3-bcc3ce8d342d,,2025-12-03 16:18:08.250327+00,,false,now,,11,,cabralia,0.00,,false
8a917d00-d8b0-4e5d-97c8-6f16030a98a7,DESPESA,2026-08-01,10000.00,terceirizados,Locação Trucado 01,,CONFIRMADO,,,2025-12-03 16:18:29.480918+00,,false,gestao,,11,,cabralia,0.00,,false
8ba1068f-2758-40a5-81cd-0908756f4d3b,DESPESA,2025-11-01,10692.12,terceirizados,Locação Estacionárias Ronaldo/Sid,,CONFIRMADO,,,2025-12-03 16:18:18.090842+00,,false,ronaldo,,2,,cabralia,0.00,,false
8bfa0436-809f-4de2-8ea9-c410dc0bd845,DESPESA,2026-02-01,10692.12,terceirizados,Locação Estacionárias Ronaldo/Sid,,CONFIRMADO,,,2025-12-03 16:18:18.310519+00,,false,ronaldo,,5,,cabralia,0.00,,false
8cdab731-2cb6-4fdc-95e6-a84be8545b5e,DESPESA,2026-08-01,21000.00,terceirizados,Locação Caçamba 01 Felipe,,CONFIRMADO,,,2025-12-03 16:18:12.375598+00,,false,felipe_viatransportes,,11,,cabralia,0.00,,false
8d44633f-d055-471f-b9fd-47ee233facfa,DESPESA,2025-10-01,18000.00,equipamentos,Locação Retroescavadeira,,CONFIRMADO,04561899-3a03-45c9-aecd-c0c2d5dee96c,,2025-12-02 16:48:57.497171+00,,true,now,12,,,cabralia,0.00,,false
8d769029-b408-4b6a-b8dd-02f3b0b973ae,DESPESA,2026-04-01,3581.66,funcionario,Salário Operador Retroescavadeira,,CONFIRMADO,04561899-3a03-45c9-aecd-c0c2d5dee96c,,2025-12-03 16:18:20.817291+00,,false,now,,7,,cabralia,0.00,,false
8d886ada-353c-41df-b0af-229cd0777576,DESPESA,2026-04-01,10692.12,terceirizados,Locação Estacionárias Ronaldo/Sid,,CONFIRMADO,,,2025-12-03 16:18:18.49368+00,,false,ronaldo,,7,,cabralia,0.00,,false
8defca29-370c-44e1-b90a-dd3fdbf73c6b,DESPESA,2026-03-01,42535.52,terceirizados,Locação Prancha Ronaldo/Sid,,CONFIRMADO,,,2025-12-03 16:18:17.493637+00,"__DEBIT__:{""amount"":3581,""description"":""Operador""}",false,ronaldo,,6,,cabralia,0.00,,false
9037dab8-a709-45c1-b028-f4bcd1d1e43e,DESPESA,2026-04-01,5315.00,funcionario,Salário Operador Motoniveladora,,CONFIRMADO,514b7ed1-6ebb-42bf-912b-fd2bfa8abdad,,2025-12-03 16:18:19.90288+00,,false,now,,7,,cabralia,0.00,,false
906df02c-8412-47b8-81eb-b83b249b1788,DESPESA,2026-09-01,12000.00,terceirizados,Locação Caçamba 01,,CONFIRMADO,,,2025-12-03 16:18:24.826448+00,,false,particular,,12,,cabralia,0.00,,false
9097fc28-de64-4234-a7a6-3583e92af7e9,DESPESA,2025-12-01,-72744.44,terceirizados,Patrol + Revisões,,CONFIRMADO,,,2025-12-03 16:58:37.544762+00,,false,ronaldo,,3,,cabralia,0.00,,false
90d89930-c463-4fe9-8ff1-4e4f26ab2891,DESPESA,2026-06-01,10000.00,equipamentos,Locação Bobcat,,CONFIRMADO,4bc7e9b9-0f0a-48c2-b7e3-bcc3ce8d342d,,2025-12-03 16:18:08.102016+00,,false,now,,9,,cabralia,0.00,,false
91113919-a724-429f-a225-54a7a3ec8f1c,DESPESA,2026-07-01,2000.00,funcionario,Salário Encarregado,,CONFIRMADO,,,2025-12-03 16:18:34.163681+00,,false,now,,10,,cabralia,0.00,,false
91b2b763-e02c-463e-a7b6-18fe9200201a,DESPESA,2025-10-01,5500.00,gestor,Salário Gestor,,CONFIRMADO,,,2025-12-03 16:18:34.534239+00,,true,now,12,1,,cabralia,0.00,,false
91bbd909-3b9d-412c-bb78-82f71751fff2,DESPESA,2026-01-01,34272.00,impostos,Imposto Felipe,,CONFIRMADO,,,2025-12-03 16:18:35.557161+00,,false,imposto,,4,,cabralia,0.00,,false
91be257e-b3da-4a5e-a77f-429ec67ba968,DESPESA,2026-01-01,5500.00,gestor,Salário Gestor,,CONFIRMADO,,,2025-12-03 23:12:57.696206+00,,false,now,,4,,cabralia,0.00,,false
932907ea-53d3-4543-a3dc-cedbd063b917,DESPESA,2026-08-01,21000.00,terceirizados,Locação Limpa Fossa Felipe,,CONFIRMADO,,,2025-12-03 16:18:10.338707+00,,false,felipe_viatransportes,,11,,cabralia,0.00,,false
934d54fb-6af0-46fe-879e-a8efbb843006,DESPESA,2026-07-01,5315.00,funcionario,Salário Operador Motoniveladora,,CONFIRMADO,514b7ed1-6ebb-42bf-912b-fd2bfa8abdad,,2025-12-03 16:18:20.1186+00,,false,now,,10,,cabralia,0.00,,false
93a45553-4567-46fa-9e3b-8eab5b0938ca,DESPESA,2026-02-01,21000.00,terceirizados,Locação Limpa Fossa Felipe,,CONFIRMADO,,,2025-12-03 16:18:09.784449+00,,false,felipe_viatransportes,,5,,cabralia,0.00,,false
943f1ef9-aa71-4638-9f92-e3ad40f1a2dc,DESPESA,2026-01-01,10000.00,terceirizados,Locação Trucado 01,,CONFIRMADO,,,2025-12-03 16:18:28.946972+00,,false,gestao,,4,,cabralia,0.00,,false
944b7a2d-05a2-4ed7-8bb6-6551f11eabe7,DESPESA,2026-03-01,15000.00,terceirizados,Locação Baú,,CONFIRMADO,,,2025-12-03 16:18:28.124617+00,,false,gestao,,6,,cabralia,0.00,,false
9539b449-2e27-43ae-b788-af50b4ee9073,DESPESA,2026-05-01,12000.00,terceirizados,Locação Caçamba 03,,CONFIRMADO,,,2025-12-03 16:18:26.359083+00,,false,particular,,8,,cabralia,0.00,,false
954f9b18-ebd1-44cb-9a06-a97101f78f3c,DESPESA,2026-07-01,12000.00,terceirizados,Locação Caçamba 01,,CONFIRMADO,,,2025-12-03 16:18:24.665043+00,,false,particular,,10,,cabralia,0.00,,false
95c554a5-fa91-47f7-b7fa-8a721d308a7e,DESPESA,2026-05-01,3581.66,funcionario,Salário Operador Retroescavadeira,,CONFIRMADO,04561899-3a03-45c9-aecd-c0c2d5dee96c,,2025-12-03 16:18:20.897712+00,,false,now,,8,,cabralia,0.00,,false
961d6481-b846-4151-97aa-04ec5b137764,DESPESA,2026-04-01,21000.00,terceirizados,Locação Pipa Felipe,,CONFIRMADO,,,2025-12-03 16:18:11.004645+00,,false,felipe_viatransportes,,7,,cabralia,0.00,,false
96c076a6-c4ca-45c8-adff-00e614ceaa2e,DESPESA,2025-10-01,3581.66,funcionario,Salário Operador Retroescavadeira,,CONFIRMADO,04561899-3a03-45c9-aecd-c0c2d5dee96c,,2025-12-03 01:19:48.794101+00,,true,now,12,,,cabralia,0.00,,false
97151036-a61b-4d61-8981-e0487361e4bd,DESPESA,2026-04-01,42535.52,terceirizados,Locação Prancha Ronaldo/Sid,,CONFIRMADO,,,2025-12-03 16:18:17.566774+00,"__DEBIT__:{""amount"":3581,""description"":""Operador""}",false,ronaldo,,7,,cabralia,0.00,,false
98088cf9-8b07-46f6-a22b-90b880d6d8d4,DESPESA,2025-10-01,131924.60,impostos,Imposto Now,,CONFIRMADO,,,2025-12-03 16:46:31.346695+00,,true,imposto,12,1,,cabralia,0.00,,false
9831a2ea-db35-45b2-9770-8aed256d18c1,DESPESA,2026-09-01,3581.66,funcionario,Salário Operador Retroescavadeira,,CONFIRMADO,04561899-3a03-45c9-aecd-c0c2d5dee96c,,2025-12-03 16:18:21.199763+00,,false,now,,12,,cabralia,0.00,,false
9865f79c-56c2-4f8f-9903-43dceed6c73b,DESPESA,2025-10-01,12000.00,terceirizados,Locação Caçamba 03,,CONFIRMADO,,,2025-12-03 01:26:21.951848+00,,true,particular,12,,,cabralia,0.00,,false
98c09cfd-262a-4987-af48-309ebfb9db97,DESPESA,2025-12-01,3581.66,funcionario,Salário Operador Retroescavadeira,,CONFIRMADO,04561899-3a03-45c9-aecd-c0c2d5dee96c,,2025-12-03 16:18:20.513661+00,,false,now,,3,,cabralia,0.00,,false
9959e70d-f7bf-4c1c-9eb4-55d3b70e5304,DESPESA,2026-08-01,3581.66,terceirizados,Salário Operador Prancha Ronaldo/Sid,,CONFIRMADO,,,2025-12-03 16:18:32.369119+00,,false,terceirizados,,11,,cabralia,0.00,,false
9a2d93f8-8d49-4347-ae93-f05900d664cf,DESPESA,2026-06-01,3500.00,terceirizados,Salário Operador Poliguindaste,,CONFIRMADO,,,2025-12-03 18:23:04.350794+00,,false,terceirizados,,9,,cabralia,0.00,,false
9a59052a-2c3c-4791-84c1-6a762785db2d,DESPESA,2026-08-01,10692.12,terceirizados,Locação Estacionárias Ronaldo/Sid,,CONFIRMADO,,,2025-12-03 16:18:18.809105+00,,false,ronaldo,,11,,cabralia,0.00,,false
9a881170-1d12-4e5a-9fda-ae1be243ebd4,DESPESA,2026-05-01,3256.00,funcionario,Salário Operador Bobcat,,CONFIRMADO,4bc7e9b9-0f0a-48c2-b7e3-bcc3ce8d342d,,2025-12-03 16:18:23.619431+00,,false,now,,8,,cabralia,0.00,,false
9ad6bddf-5656-491c-b0b7-2faefaf17bbb,DESPESA,2026-01-01,5315.00,funcionario,Salário Operador Motoniveladora,,CONFIRMADO,514b7ed1-6ebb-42bf-912b-fd2bfa8abdad,,2025-12-03 16:18:19.678255+00,,false,now,,4,,cabralia,0.00,,false
9ae74e90-160b-4666-b95a-7e36d15a55a6,DESPESA,2025-10-01,14000.00,terceirizados,Locação Poliguindaste Felipe,,CONFIRMADO,,,2025-12-02 17:22:45.8675+00,,true,felipe_viatransportes,12,,,cabralia,0.00,,false
9bef8e37-6ab9-4d9f-95f4-fea94cc77adb,DESPESA,2026-04-01,5500.00,gestor,Salário Gestor,,CONFIRMADO,,,2025-12-03 23:12:58.389094+00,,false,now,,7,,cabralia,0.00,,false
9c1129cd-ac1a-4a23-8f38-c3db720b6cbd,DESPESA,2026-02-01,5315.00,terceirizados,Salário Operador Motoniveladora 2 Ronaldo/Sid,,CONFIRMADO,,,2025-12-03 16:18:32.848927+00,,false,terceirizados,,5,,cabralia,0.00,,false
9cd657fd-8355-4797-bc9e-091c4587d7bb,DESPESA,2026-02-01,24287.61,impostos,Imposto Ronaldo,,CONFIRMADO,,,2025-12-03 16:56:26.235765+00,,false,imposto,,5,,cabralia,0.00,,false
9d2589ac-3d04-45a4-b40e-eee588b93b0e,DESPESA,2026-08-01,14000.00,terceirizados,Locação Poliguindaste Felipe,,CONFIRMADO,,,2025-12-03 16:18:15.103033+00,,false,felipe_viatransportes,,11,,cabralia,0.00,,false
9daad9ea-fc59-4e99-98a0-fb686d2aa914,DESPESA,2025-11-01,14000.00,terceirizados,Locação Poliguindaste Felipe,,CONFIRMADO,,,2025-12-03 16:18:14.434425+00,,false,felipe_viatransportes,,2,,cabralia,0.00,,false
9e28498d-9486-4bcf-a4fc-c6ece68f9cb5,DESPESA,2026-09-01,45986.44,terceirizados,Locação Motoniveladora Ronaldo/Sid,,CONFIRMADO,,,2025-12-03 16:18:17.024332+00,"__DEBIT__:{""amount"":5315,""description"":""Operador""}",false,ronaldo,,12,,cabralia,0.00,,false
a0ac1dc5-d8d7-4bf0-b311-3f057b9fd814,DESPESA,2026-04-01,14000.00,terceirizados,Locação Poliguindaste Felipe,,CONFIRMADO,,,2025-12-03 16:18:14.806485+00,,false,felipe_viatransportes,,7,,cabralia,0.00,,false
a0ff27b0-3ebb-4ca6-9f79-50e44fb12fcf,DESPESA,2026-09-01,21000.00,terceirizados,Locação Limpa Fossa Felipe,,CONFIRMADO,,,2025-12-03 16:18:10.420648+00,,false,felipe_viatransportes,,12,,cabralia,0.00,,false
a14b7260-4feb-4281-b71b-52eb6076b955,DESPESA,2026-08-01,8000.00,terceirizados,Locação Trucado 02,,CONFIRMADO,,,2025-12-03 16:18:30.413828+00,,false,gestao,,11,,cabralia,0.00,,false
a1d305ce-c521-40c1-a250-e829aebe32a4,DESPESA,2025-11-01,45986.44,terceirizados,Locação Motoniveladora Ronaldo/Sid,,CONFIRMADO,,,2025-12-03 16:18:16.262333+00,"__DEBIT__:{""amount"":5315,""description"":""Operador""}",false,ronaldo,,2,,cabralia,0.00,,false
a2124dea-9626-4aca-932a-28745262a85e,DESPESA,2026-05-01,21000.00,terceirizados,Locação Limpa Fossa Felipe,,CONFIRMADO,,,2025-12-03 16:18:10.064576+00,,false,felipe_viatransportes,,8,,cabralia,0.00,,false
a216160e-a879-4938-adf6-236eb71debbd,DESPESA,2026-01-01,21000.00,terceirizados,Locação Caçamba 02 Felipe,,CONFIRMADO,,,2025-12-03 16:18:12.754408+00,,false,felipe_viatransportes,,4,,cabralia,0.00,,false
a2853ba0-0116-4c05-8dfb-e2c3d275699b,DESPESA,2025-11-01,2000.00,funcionario,Salário Encarregado,,CONFIRMADO,,,2025-12-03 16:18:33.545039+00,,false,now,,2,,cabralia,0.00,,false
a2e0d1a2-ecab-4693-b502-9c29fbfb8b76,DESPESA,2026-02-01,5500.00,gestor,Salário Gestor,,CONFIRMADO,,,2025-12-03 23:12:57.920301+00,,false,now,,5,,cabralia,0.00,,false
a2f2d2be-e3a7-46b1-aaf1-3c4fc460e312,DESPESA,2026-05-01,5315.00,funcionario,Salário Operador Motoniveladora,,CONFIRMADO,514b7ed1-6ebb-42bf-912b-fd2bfa8abdad,,2025-12-03 16:18:19.973181+00,,false,now,,8,,cabralia,0.00,,false
a2fe297e-6882-494d-a475-ae7a75b3613c,DESPESA,2026-03-01,-34272.00,terceirizados,Abatimento Imposto,,CONFIRMADO,,,2025-12-03 16:18:15.64028+00,,false,felipe_viatransportes,,6,,cabralia,0.00,,false
a328fdda-58a0-4287-8db4-61abfe588978,DESPESA,2026-01-01,-72744.44,terceirizados,Patrol + Revisões,,CONFIRMADO,,,2025-12-03 16:58:37.65729+00,,false,ronaldo,,4,,cabralia,0.00,,false
a32d9a4e-f41b-4716-8b3e-44095d2dd882,DESPESA,2026-03-01,10000.00,terceirizados,Locação Pá Carregadeira,,CONFIRMADO,,,2025-12-03 18:11:30.909229+00,,false,gestao,,6,,cabralia,0.00,,false
a44f9c22-3dea-4edc-bd1f-48bb26ed20e0,DESPESA,2026-02-01,30000.00,equipamentos,Locação Motoniveladora,,CONFIRMADO,514b7ed1-6ebb-42bf-912b-fd2bfa8abdad,,2025-12-03 16:18:04.880571+00,,false,now,,5,,cabralia,0.00,,false
a4587e3a-d1b7-4d09-9226-4f0787ec3203,DESPESA,2026-01-01,3256.00,funcionario,Salário Operador Bobcat,,CONFIRMADO,4bc7e9b9-0f0a-48c2-b7e3-bcc3ce8d342d,,2025-12-03 16:18:23.319869+00,,false,now,,4,,cabralia,0.00,,false
a4f153ed-1dc4-4cae-88b0-6dfae50e5bf5,DESPESA,2026-03-01,34272.00,impostos,Imposto Felipe,,CONFIRMADO,,,2025-12-03 16:18:35.714157+00,,false,imposto,,6,,cabralia,0.00,,false
a5deed7c-aad9-4f77-9344-491a170bf09d,DESPESA,2025-11-01,42535.52,terceirizados,Locação Prancha Ronaldo/Sid,,CONFIRMADO,,,2025-12-03 16:18:17.167396+00,"__DEBIT__:{""amount"":3581,""description"":""Operador""}",false,ronaldo,,2,,cabralia,0.00,,false
a69c9df0-5fab-48e5-b531-654e23e8e6b6,DESPESA,2025-12-01,-34272.00,terceirizados,Abatimento Imposto,,CONFIRMADO,,,2025-12-03 16:18:15.406088+00,,false,felipe_viatransportes,,3,,cabralia,0.00,,false
a7ae6339-1e6a-435c-88e4-efab540ab91d,DESPESA,2026-06-01,-24287.61,terceirizados,Imposto Ronaldo/Sid,,CONFIRMADO,,,2025-12-03 16:18:36.881038+00,"__DEBIT__:{""amount"":24287.61,""description"":""Imposto Ronaldo/Sid""}",false,ronaldo,,9,,cabralia,0.00,,false
a84883f9-6693-4194-8009-e8d725906c22,DESPESA,2026-05-01,22000.00,equipamentos,Locação Rolo Compactador,,CONFIRMADO,dd39670a-04b3-4853-babc-1867e29fd5cd,,2025-12-03 16:18:07.098412+00,,false,now,,8,,cabralia,0.00,,false
a8c8ecdd-addb-4bbe-8e6d-b30af8450293,DESPESA,2026-03-01,12000.00,terceirizados,Locação Caçamba 02,,CONFIRMADO,,,2025-12-03 16:18:25.292284+00,,false,particular,,6,,cabralia,0.00,,false
a92915e0-713c-4922-ae2b-d467827cbdbd,DESPESA,2026-04-01,30000.00,equipamentos,Locação Motoniveladora,,CONFIRMADO,514b7ed1-6ebb-42bf-912b-fd2bfa8abdad,,2025-12-03 16:18:05.045314+00,,false,now,,7,,cabralia,0.00,,false
a9ede169-d587-4a67-8a48-b8148b9010a0,DESPESA,2026-04-01,3500.00,terceirizados,Salário Operador Poliguindaste,,CONFIRMADO,,,2025-12-03 18:23:04.044761+00,,false,terceirizados,,7,,cabralia,0.00,,false
aa0e772f-fec6-4bd9-94ea-ca0534c603a5,DESPESA,2026-05-01,12000.00,terceirizados,Locação Caçamba 04,,CONFIRMADO,,,2025-12-03 16:18:27.300912+00,,false,particular,,8,,cabralia,0.00,,false
ab25f380-5a3d-4152-84a1-c92f73c7f943,DESPESA,2026-07-01,21000.00,terceirizados,Locação Pipa Felipe,,CONFIRMADO,,,2025-12-03 16:18:11.268194+00,,false,felipe_viatransportes,,10,,cabralia,0.00,,false
aba703bb-6842-4798-b850-b1adc7cfcc36,DESPESA,2025-12-01,10000.00,terceirizados,Locação Pá Carregadeira,,CONFIRMADO,,,2025-12-03 18:11:30.60638+00,,false,gestao,,3,,cabralia,0.00,,false
abb587fa-f245-4b90-99fc-994464920b39,DESPESA,2026-01-01,21000.00,terceirizados,Locação Caçamba 03 Felipe,,CONFIRMADO,,,2025-12-03 16:18:13.675755+00,,false,felipe_viatransportes,,4,,cabralia,0.00,,false
ac880fab-b28e-49d6-9337-82609cae57ba,DESPESA,2025-10-01,72744.44,terceirizados,Patrol + Revisões Ronaldo/Sid,,CONFIRMADO,,,2025-12-02 17:30:27.333028+00,,true,parcela_patrol_ronaldo,6,,,cabralia,0.00,,false
aca91ba4-f542-4fc3-928d-13a28381b70c,DESPESA,2026-07-01,-34272.00,terceirizados,Abatimento Imposto,,CONFIRMADO,,,2025-12-03 16:18:15.961417+00,,false,felipe_viatransportes,,10,,cabralia,0.00,,false
acb12561-76aa-411d-ba24-354977471e1a,DESPESA,2026-03-01,21000.00,terceirizados,Locação Pipa Felipe,,CONFIRMADO,,,2025-12-03 16:18:10.93101+00,,false,felipe_viatransportes,,6,,cabralia,0.00,,false
ad0d4a33-9f2f-49d9-952c-f8391c14faf7,DESPESA,2026-04-01,12000.00,terceirizados,Locação Caçamba 03,,CONFIRMADO,,,2025-12-03 16:18:26.28585+00,,false,particular,,7,,cabralia,0.00,,false
ad64dea4-3e10-4dc3-b0cf-c24c1d9b2131,RECEITA,2025-10-01,678961.80,,Contrato Emergencial Máquinas,,CONFIRMADO,,,2025-12-02 18:23:41.267908+00,,true,,3,1,,cabralia,0.00,,false
adbac97f-4b72-44d5-a10c-feef42b009a1,DESPESA,2026-08-01,21000.00,terceirizados,Locação Caçamba 02 Felipe,,CONFIRMADO,,,2025-12-03 16:18:13.289589+00,,false,felipe_viatransportes,,11,,cabralia,0.00,,false
af736a94-ee4e-4066-ac4a-1216e62603f4,DESPESA,2025-11-01,21000.00,terceirizados,Locação Limpa Fossa Felipe,,CONFIRMADO,,,2025-12-03 16:18:09.534561+00,,false,felipe_viatransportes,,2,,cabralia,0.00,,false
b1a7b9f5-2895-4b18-a9a3-0737ec788ecf,DESPESA,2025-12-01,34272.00,impostos,Imposto Felipe,,CONFIRMADO,,,2025-12-03 16:18:35.483001+00,,false,imposto,,3,,cabralia,0.00,,false
b1f81acf-ff97-4f97-89d6-eb542d5cb2e9,DESPESA,2026-01-02,3581.66,funcionario,Salário Operador Pá Carregadeira,,CONFIRMADO,c4ffceac-4dd7-4951-b478-6cb7f143416f,,2025-12-03 16:18:22.420852+00,,false,now,,4,,cabralia,0.00,,false
b3c6734e-988d-4f4b-9732-8464a6f0d887,DESPESA,2025-10-01,21000.00,terceirizados,Locação Limpa Fossa Felipe,,CONFIRMADO,,,2025-12-02 17:05:38.584609+00,,true,felipe_viatransportes,12,,,cabralia,0.00,,false
b3e1721f-389f-4a8b-a2cc-f81ff4626e10,DESPESA,2025-11-01,3581.66,funcionario,Salário Operador Rolo Compactador,,CONFIRMADO,dd39670a-04b3-4853-babc-1867e29fd5cd,,2025-12-03 16:18:21.34895+00,,false,now,,2,,cabralia,0.00,,false
b4568f0a-32d4-4e04-b776-3f5e87d4c349,DESPESA,2025-11-01,15000.00,terceirizados,Locação Baú,,CONFIRMADO,,,2025-12-03 16:18:27.815308+00,,false,gestao,,2,,cabralia,0.00,,false
b5ec0074-fe8f-4389-9653-0d39c6082c5f,DESPESA,2025-11-02,3581.66,funcionario,Salário Operador Pá Carregadeira,,CONFIRMADO,c4ffceac-4dd7-4951-b478-6cb7f143416f,,2025-12-03 16:18:22.260498+00,,false,now,,2,,cabralia,0.00,,false
b60858a3-4d26-47e5-8ba5-ef44b6727ef1,DESPESA,2026-06-02,3581.66,funcionario,Salário Operador Pá Carregadeira,,CONFIRMADO,c4ffceac-4dd7-4951-b478-6cb7f143416f,,2025-12-03 16:18:22.795963+00,,false,now,,9,,cabralia,0.00,,false
b6741f95-9f0e-4947-a101-8ee1a7dfc816,DESPESA,2026-01-01,-24287.61,terceirizados,Imposto Ronaldo/Sid,,CONFIRMADO,,,2025-12-03 16:18:36.500578+00,"__DEBIT__:{""amount"":24287.61,""description"":""Imposto Ronaldo/Sid""}",false,ronaldo,,4,,cabralia,0.00,,false
b68a23ca-0895-4936-b866-f8436cf10ee9,DESPESA,2025-12-01,21000.00,terceirizados,Locação Pipa Felipe,,CONFIRMADO,,,2025-12-03 16:18:10.681356+00,,false,felipe_viatransportes,,3,,cabralia,0.00,,false
b7815b39-54fa-41f4-a91e-a2cb7fda9692,DESPESA,2026-02-02,3581.66,funcionario,Salário Operador Pá Carregadeira,,CONFIRMADO,c4ffceac-4dd7-4951-b478-6cb7f143416f,,2025-12-03 16:18:22.492695+00,,false,now,,5,,cabralia,0.00,,false
b83e5e1b-d8fb-4776-8ce3-6bbaab41c314,DESPESA,2026-07-01,12000.00,terceirizados,Locação Caçamba 03,,CONFIRMADO,,,2025-12-03 16:18:26.510246+00,,false,particular,,10,,cabralia,0.00,,false
b8881160-3960-4b57-ac45-09b58274f634,DESPESA,2026-08-01,21000.00,terceirizados,Locação Pipa Felipe,,CONFIRMADO,,,2025-12-03 16:18:11.35578+00,,false,felipe_viatransportes,,11,,cabralia,0.00,,false
b9113092-ddb3-46e3-b7f8-c19f760a6cad,DESPESA,2026-07-01,21000.00,terceirizados,Locação Caçamba 03 Felipe,,CONFIRMADO,,,2025-12-03 16:18:14.136424+00,,false,felipe_viatransportes,,10,,cabralia,0.00,,false
b9ae576b-0d66-4ee9-b1ce-5875bcab1672,DESPESA,2025-12-01,12000.00,terceirizados,Locação Caçamba 03,,CONFIRMADO,,,2025-12-03 16:18:25.976759+00,,false,particular,,3,,cabralia,0.00,,false
b9ca1e68-473f-42f6-b505-47b9197890d1,DESPESA,2026-07-01,21000.00,terceirizados,Locação Caçamba 01 Felipe,,CONFIRMADO,,,2025-12-03 16:18:12.29745+00,,false,felipe_viatransportes,,10,,cabralia,0.00,,false
ba7b7885-4080-4edb-aa8e-bad2e27fe7f2,DESPESA,2026-04-01,8000.00,terceirizados,Locação Trucado 02,,CONFIRMADO,,,2025-12-03 16:18:30.106423+00,,false,gestao,,7,,cabralia,0.00,,false
bb138abb-58d6-4489-920f-6db1b5f4c967,DESPESA,2026-04-01,24287.61,impostos,Imposto Ronaldo,,CONFIRMADO,,,2025-12-03 16:56:26.45999+00,,false,imposto,,7,,cabralia,0.00,,false
bba3895a-9c70-4586-a28e-bbdfb79ea12f,DESPESA,2026-07-01,18000.00,equipamentos,Locação Retroescavadeira,,CONFIRMADO,04561899-3a03-45c9-aecd-c0c2d5dee96c,,2025-12-03 16:18:04.303683+00,,false,now,,10,,cabralia,0.00,,false
bc474146-fee2-45bc-82a7-516507bec190,DESPESA,2026-01-01,12000.00,terceirizados,Locação Caçamba 02,,CONFIRMADO,,,2025-12-03 16:18:25.147265+00,,false,particular,,4,,cabralia,0.00,,false
bd86bda8-54db-4b2d-bcb1-a94c2b20dee7,DESPESA,2026-01-01,3500.00,terceirizados,Salário Operador Poliguindaste,,CONFIRMADO,,,2025-12-03 18:23:03.51618+00,,false,terceirizados,,4,,cabralia,0.00,,false
be18e12f-09ba-439c-9d6f-5580e6ec47d9,DESPESA,2026-08-01,42535.52,terceirizados,Locação Prancha Ronaldo/Sid,,CONFIRMADO,,,2025-12-03 16:18:17.862203+00,"__DEBIT__:{""amount"":3581,""description"":""Operador""}",false,ronaldo,,11,,cabralia,0.00,,false
be91bf71-156a-44d0-9db5-d941bbd2ff51,DESPESA,2026-03-02,3581.66,funcionario,Salário Operador Pá Carregadeira,,CONFIRMADO,c4ffceac-4dd7-4951-b478-6cb7f143416f,,2025-12-03 16:18:22.567043+00,,false,now,,6,,cabralia,0.00,,false
bf52df17-fa59-4eae-9ea5-10380b7ad32e,DESPESA,2026-02-01,12000.00,terceirizados,Locação Caçamba 02,,CONFIRMADO,,,2025-12-03 16:18:25.220438+00,,false,particular,,5,,cabralia,0.00,,false
bfbdedf3-1d1f-4378-98c7-e009eb543922,DESPESA,2026-05-01,10692.12,terceirizados,Locação Estacionárias Ronaldo/Sid,,CONFIRMADO,,,2025-12-03 16:18:18.572991+00,,false,ronaldo,,8,,cabralia,0.00,,false
c0773324-0515-412a-8c12-f894b602565f,DESPESA,2026-06-01,18000.00,equipamentos,Locação Retroescavadeira,,CONFIRMADO,04561899-3a03-45c9-aecd-c0c2d5dee96c,,2025-12-03 16:18:04.219698+00,,false,now,,9,,cabralia,0.00,,false
c133cecc-fde6-4d2e-8bb7-e7bed12cda83,DESPESA,2026-09-01,14000.00,terceirizados,Locação Poliguindaste Felipe,,CONFIRMADO,,,2025-12-03 16:18:15.183444+00,,false,felipe_viatransportes,,12,,cabralia,0.00,,false
c17cdf85-215a-4cfa-aa28-9e94303e836c,DESPESA,2025-10-01,45986.44,terceirizados,Locação Motoniveladora Ronaldo/Sid,,CONFIRMADO,,,2025-12-02 17:25:25.67732+00,"__DEBIT__:{""amount"":5315,""description"":""Operador""}",true,ronaldo,12,,,cabralia,0.00,,false
c20b9540-3e95-4c2a-b4db-d3a0d08ddb83,DESPESA,2026-09-01,15000.00,terceirizados,Locação Baú,,CONFIRMADO,,,2025-12-03 16:18:28.628237+00,,false,gestao,,12,,cabralia,0.00,,false
c364faf6-0f57-4a31-9eba-6fc1c4d1c74e,DESPESA,2026-06-01,24287.61,impostos,Imposto Ronaldo,,CONFIRMADO,,,2025-12-03 16:56:26.66922+00,,false,imposto,,9,,cabralia,0.00,,false
c466bde8-688f-456e-9d07-20e0e487a219,DESPESA,2026-06-01,12000.00,terceirizados,Locação Caçamba 02,,CONFIRMADO,,,2025-12-03 16:18:25.519399+00,,false,particular,,9,,cabralia,0.00,,false
c4b8b205-7a3f-4c38-af23-5cb00300db43,DESPESA,2026-03-01,3581.66,terceirizados,Salário Operador Prancha Ronaldo/Sid,,CONFIRMADO,,,2025-12-03 16:18:31.989228+00,,false,terceirizados,,6,,cabralia,0.00,,false
c8016fc9-18a2-47e7-916e-f73504929210,DESPESA,2026-07-01,34272.00,impostos,Imposto Felipe,,CONFIRMADO,,,2025-12-03 16:18:36.049295+00,,false,imposto,,10,,cabralia,0.00,,false
c8034ca6-a1d7-49eb-879a-b061f527ecf4,DESPESA,2025-12-01,21000.00,terceirizados,Locação Caçamba 03 Felipe,,CONFIRMADO,,,2025-12-03 16:18:13.602545+00,,false,felipe_viatransportes,,3,,cabralia,0.00,,false
c837c86a-5e37-4eb1-a381-653b9283a6d3,DESPESA,2026-07-01,10000.00,equipamentos,Locação Bobcat,,CONFIRMADO,4bc7e9b9-0f0a-48c2-b7e3-bcc3ce8d342d,,2025-12-03 16:18:08.175151+00,,false,now,,10,,cabralia,0.00,,false
c92cb82e-239e-45f5-b1f4-de28d0a8faf6,DESPESA,2026-08-01,12000.00,terceirizados,Locação Caçamba 03,,CONFIRMADO,,,2025-12-03 16:18:26.585238+00,,false,particular,,11,,cabralia,0.00,,false
ca28cc65-300e-49af-9846-9f410fd6ffba,DESPESA,2026-09-01,21000.00,terceirizados,Locação Caçamba 02 Felipe,,CONFIRMADO,,,2025-12-03 16:18:13.369637+00,,false,felipe_viatransportes,,12,,cabralia,0.00,,false
ca92cc67-5107-45cc-a286-f98fd3a5f1c4,DESPESA,2025-10-01,3581.66,funcionario,Salário Operador Rolo Compactador,,CONFIRMADO,dd39670a-04b3-4853-babc-1867e29fd5cd,,2025-12-03 01:20:58.491279+00,,true,now,12,,,cabralia,0.00,,false
cb4a9a34-1d69-439a-8823-500ccf5240e0,DESPESA,2026-01-01,12000.00,terceirizados,Locação Caçamba 03,,CONFIRMADO,,,2025-12-03 16:18:26.06314+00,,false,particular,,4,,cabralia,0.00,,false
cb94dc39-9cbc-46ef-a485-24e890943450,DESPESA,2026-03-01,24287.61,impostos,Imposto Ronaldo,,CONFIRMADO,,,2025-12-03 16:56:26.338667+00,,false,imposto,,6,,cabralia,0.00,,false
cea4cfc8-1e25-4621-ab36-c27e7c73c3b7,DESPESA,2025-10-01,21000.00,terceirizados,Locação Retroescavadeira Felipe,,CONFIRMADO,,,2025-12-02 17:04:47.481988+00,,true,felipe_viatransportes,12,,,cabralia,0.00,,false
cfac4e0a-260b-4882-a4fb-c72223961dfa,DESPESA,2026-01-01,42535.52,terceirizados,Locação Prancha Ronaldo/Sid,,CONFIRMADO,,,2025-12-03 16:18:17.335872+00,"__DEBIT__:{""amount"":3581,""description"":""Operador""}",false,ronaldo,,4,,cabralia,0.00,,false
cffe77a4-3864-44ef-b98c-e0630d7ce034,DESPESA,2026-06-01,21000.00,terceirizados,Locação Caçamba 02 Felipe,,CONFIRMADO,,,2025-12-03 16:18:13.125609+00,,false,felipe_viatransportes,,9,,cabralia,0.00,,false
d028d7ca-a92c-4dce-adfd-881f960d9f89,DESPESA,2026-09-01,8000.00,terceirizados,Locação Trucado 02,,CONFIRMADO,,,2025-12-03 16:18:30.488607+00,,false,gestao,,12,,cabralia,0.00,,false
d088a4cb-2347-4d23-8fdc-75dfed12d563,DESPESA,2025-12-01,3256.00,funcionario,Salário Operador Bobcat,,CONFIRMADO,4bc7e9b9-0f0a-48c2-b7e3-bcc3ce8d342d,,2025-12-03 16:18:23.250146+00,,false,now,,3,,cabralia,0.00,,false
d09166ef-6820-4ff5-a581-b2c1c3c45e3f,DESPESA,2026-05-01,-24287.61,terceirizados,Imposto Ronaldo/Sid,,CONFIRMADO,,,2025-12-03 16:18:36.807254+00,"__DEBIT__:{""amount"":24287.61,""description"":""Imposto Ronaldo/Sid""}",false,ronaldo,,8,,cabralia,0.00,,false
d28efcdf-fdb0-4c60-907f-11afbf29cce2,DESPESA,2026-03-01,21000.00,terceirizados,Locação Caçamba 01 Felipe,,CONFIRMADO,,,2025-12-03 16:18:11.947828+00,,false,felipe_viatransportes,,6,,cabralia,0.00,,false
d34ab668-9401-4a8e-8345-75caa0a30b01,DESPESA,2026-02-01,22000.00,equipamentos,Locação Rolo Compactador,,CONFIRMADO,dd39670a-04b3-4853-babc-1867e29fd5cd,,2025-12-03 16:18:06.867688+00,,false,now,,5,,cabralia,0.00,,false
d34d7ca2-4973-47fa-84ef-9857ac51f3da,DESPESA,2026-08-01,18000.00,equipamentos,Locação Retroescavadeira,,CONFIRMADO,04561899-3a03-45c9-aecd-c0c2d5dee96c,,2025-12-03 16:18:04.378389+00,,false,now,,11,,cabralia,0.00,,false
d41ebef7-026d-4287-9ba4-51841124f864,DESPESA,2026-02-01,10000.00,terceirizados,Locação Pá Carregadeira,,CONFIRMADO,,,2025-12-03 18:11:30.813006+00,,false,gestao,,5,,cabralia,0.00,,false
d54fe10c-214e-4309-9d0a-b1e9e7b68ad1,DESPESA,2026-05-01,21000.00,terceirizados,Locação Caçamba 03 Felipe,,CONFIRMADO,,,2025-12-03 16:18:13.988204+00,,false,felipe_viatransportes,,8,,cabralia,0.00,,false
d7638551-51b0-4672-bdf5-7cd04ef8a881,DESPESA,2026-05-01,3500.00,terceirizados,Salário Operador Poliguindaste,,CONFIRMADO,,,2025-12-03 18:23:04.190506+00,,false,terceirizados,,8,,cabralia,0.00,,false
d7c055ef-c0e5-4ed1-acae-898a8da138cb,DESPESA,2026-07-01,42535.52,terceirizados,Locação Prancha Ronaldo/Sid,,CONFIRMADO,,,2025-12-03 16:18:17.793033+00,"__DEBIT__:{""amount"":3581,""description"":""Operador""}",false,ronaldo,,10,,cabralia,0.00,,false
d802003e-b895-4309-92a9-8a0c04e89505,DESPESA,2026-02-01,3581.66,funcionario,Salário Operador Retroescavadeira,,CONFIRMADO,04561899-3a03-45c9-aecd-c0c2d5dee96c,,2025-12-03 16:18:20.665491+00,,false,now,,5,,cabralia,0.00,,false
d8d4f333-5751-485f-bca9-930603a296cd,DESPESA,2026-04-01,2000.00,funcionario,Salário Encarregado,,CONFIRMADO,,,2025-12-03 16:18:33.932255+00,,false,now,,7,,cabralia,0.00,,false
d8da0e38-bc48-437d-a55d-2283c9957555,DESPESA,2026-06-01,3256.00,funcionario,Salário Operador Bobcat,,CONFIRMADO,4bc7e9b9-0f0a-48c2-b7e3-bcc3ce8d342d,,2025-12-03 16:18:23.688675+00,,false,now,,9,,cabralia,0.00,,false
d9326044-0437-43e6-8df2-ee81a89cb890,DESPESA,2026-01-01,22000.00,equipamentos,Locação Pá Carregadeira,,CONFIRMADO,c4ffceac-4dd7-4951-b478-6cb7f143416f,,2025-12-04 09:18:28.340066+00,,false,now,,4,,cabralia,0.00,,false
d9a0cfda-798a-451d-962f-52e7bc88b6bd,DESPESA,2026-01-01,8000.00,terceirizados,Locação Trucado 02,,CONFIRMADO,,,2025-12-03 16:18:29.878833+00,,false,gestao,,4,,cabralia,0.00,,false
da5f1ca4-3970-409b-acd7-e0c40d22a8b3,DESPESA,2026-03-01,8000.00,terceirizados,Locação Trucado 02,,CONFIRMADO,,,2025-12-03 16:18:30.030992+00,,false,gestao,,6,,cabralia,0.00,,false
db6562a9-efd6-4dd2-8cf7-928fa64a92b9,DESPESA,2026-06-01,131924.60,impostos,Imposto Now,,CONFIRMADO,,,2025-12-03 16:46:32.893907+00,,false,imposto,,9,,cabralia,0.00,,false
db6f05c5-b45e-4f66-825c-3d7c8256f135,DESPESA,2026-09-02,3581.66,funcionario,Salário Operador Pá Carregadeira,,CONFIRMADO,c4ffceac-4dd7-4951-b478-6cb7f143416f,,2025-12-03 16:18:23.028371+00,,false,now,,12,,cabralia,0.00,,false
dc20f2ff-7815-497b-b4e9-333123efa5a8,DESPESA,2026-03-01,3256.00,funcionario,Salário Operador Bobcat,,CONFIRMADO,4bc7e9b9-0f0a-48c2-b7e3-bcc3ce8d342d,,2025-12-03 16:18:23.470291+00,,false,now,,6,,cabralia,0.00,,false
dc575479-7686-40a8-b9d7-55128cab8973,DESPESA,2026-09-01,10000.00,terceirizados,Locação Trucado 01,,CONFIRMADO,,,2025-12-03 16:18:29.561781+00,,false,gestao,,12,,cabralia,0.00,,false
ddafc06b-d12a-4a13-91e7-946dd5e74bb9,DESPESA,2025-10-01,10692.12,terceirizados,Locação Estacionárias Ronaldo/Sid,,CONFIRMADO,,,2025-12-02 17:28:50.88662+00,,true,ronaldo,12,,,cabralia,0.00,,false
ddb55c78-a880-4029-ad51-8310c4f15a6e,DESPESA,2026-01-01,21000.00,terceirizados,Locação Retroescavadeira Felipe,,CONFIRMADO,,,2025-12-03 16:18:08.724402+00,,false,felipe_viatransportes,,4,,cabralia,0.00,,false
de6b17b8-db06-4b3e-baa0-698bda3a5b13,DESPESA,2026-04-01,3581.66,funcionario,Salário Operador Rolo Compactador,,CONFIRMADO,dd39670a-04b3-4853-babc-1867e29fd5cd,,2025-12-03 16:18:21.741768+00,,false,now,,7,,cabralia,0.00,,false
ded0ad03-f5c3-4edd-8599-94f3eb189700,DESPESA,2026-06-01,5315.00,funcionario,Salário Operador Motoniveladora,,CONFIRMADO,514b7ed1-6ebb-42bf-912b-fd2bfa8abdad,,2025-12-03 16:18:20.041229+00,,false,now,,9,,cabralia,0.00,,false
ded4e10a-b20c-43de-9f5e-103041f7d0a3,DESPESA,2026-01-01,3581.66,terceirizados,Salário Operador Prancha Ronaldo/Sid,,CONFIRMADO,,,2025-12-03 16:18:31.815477+00,,false,terceirizados,,4,,cabralia,0.00,,false
df6b0fd2-9cd9-4713-b9b8-b25653024a92,DESPESA,2026-01-01,-34272.00,terceirizados,Abatimento Imposto,,CONFIRMADO,,,2025-12-03 16:18:15.4903+00,,false,felipe_viatransportes,,4,,cabralia,0.00,,false
e0f164da-d4bb-4226-a054-23acb5b4af25,DESPESA,2026-08-01,15000.00,terceirizados,Locação Baú,,CONFIRMADO,,,2025-12-03 16:18:28.536838+00,,false,gestao,,11,,cabralia,0.00,,false
e11df3e4-89a5-4d42-a42e-c3976d4a4c36,DESPESA,2026-02-01,8000.00,terceirizados,Locação Trucado 02,,CONFIRMADO,,,2025-12-03 16:18:29.954182+00,,false,gestao,,5,,cabralia,0.00,,false
e1dcf30e-64fa-49ae-826d-55623e4cde98,DESPESA,2026-05-01,12000.00,terceirizados,Locação Caçamba 01,,CONFIRMADO,,,2025-12-03 16:18:24.530525+00,,false,particular,,8,,cabralia,0.00,,false
e22f8457-4cf3-4c41-9875-2b7078d8675e,DESPESA,2026-07-01,10692.12,terceirizados,Locação Estacionárias Ronaldo/Sid,,CONFIRMADO,,,2025-12-03 16:18:18.719656+00,,false,ronaldo,,10,,cabralia,0.00,,false
e29a7998-624d-414f-a7a5-8a1e0f1a0848,DESPESA,2026-08-01,12000.00,terceirizados,Locação Caçamba 01,,CONFIRMADO,,,2025-12-03 16:18:24.743659+00,,false,particular,,11,,cabralia,0.00,,false
e2b5ed6f-cce2-4363-a4eb-f9d78924aeab,DESPESA,2026-08-01,45986.44,terceirizados,Locação Motoniveladora Ronaldo/Sid,,CONFIRMADO,,,2025-12-03 16:18:16.940415+00,"__DEBIT__:{""amount"":5315,""description"":""Operador""}",false,ronaldo,,11,,cabralia,0.00,,false
e3dcb501-04c9-4360-855a-68ff186825dd,DESPESA,2025-12-01,5315.00,terceirizados,Salário Operador Motoniveladora 2 Ronaldo/Sid,,CONFIRMADO,,,2025-12-03 16:18:32.694045+00,,false,terceirizados,,3,,cabralia,0.00,,false
e40dd70b-9e13-4232-8d3c-d451cfc4f1c3,DESPESA,2026-05-01,131924.60,impostos,Imposto Now,,CONFIRMADO,,,2025-12-03 16:46:32.744653+00,,false,imposto,,8,,cabralia,0.00,,false
e430ec32-61d3-47b1-8887-14f79b12b1ce,DESPESA,2026-09-01,131924.60,impostos,Imposto Now,,CONFIRMADO,,,2025-12-03 16:46:33.35522+00,,false,imposto,,12,,cabralia,0.00,,false
e4b970a1-0927-4cd3-9f22-4d1cf5157114,DESPESA,2026-04-01,21000.00,terceirizados,Locação Limpa Fossa Felipe,,CONFIRMADO,,,2025-12-03 16:18:09.96376+00,,false,felipe_viatransportes,,7,,cabralia,0.00,,false
e4fd9db0-890c-4d46-8658-01b7fb83f3e0,DESPESA,2026-01-01,10000.00,equipamentos,Locação Bobcat,,CONFIRMADO,4bc7e9b9-0f0a-48c2-b7e3-bcc3ce8d342d,,2025-12-03 16:18:07.712103+00,,false,now,,4,,cabralia,0.00,,false
e56095a9-08cd-417b-9784-fa9d9c4aeb41,DESPESA,2025-10-01,5315.00,terceirizados,Salário Operador Motoniveladora 2 Ronaldo/Sid,,CONFIRMADO,,,2025-12-03 01:33:29.271532+00,,true,terceirizados,12,1,,cabralia,0.00,,false
e5d2d9b3-4e2e-4f6b-ae69-7d0ed9c7c259,DESPESA,2025-12-01,18000.00,equipamentos,Locação Retroescavadeira,,CONFIRMADO,04561899-3a03-45c9-aecd-c0c2d5dee96c,,2025-12-03 16:18:03.765386+00,,false,now,,3,,cabralia,0.00,,false
e653c759-f656-46ab-9500-ed727e3752db,DESPESA,2026-02-01,-34272.00,terceirizados,Abatimento Imposto,,CONFIRMADO,,,2025-12-03 16:18:15.564577+00,,false,felipe_viatransportes,,5,,cabralia,0.00,,false
e6774c95-215c-4ee9-a3de-f20514cd0e74,DESPESA,2026-02-01,131924.60,impostos,Imposto Now,,CONFIRMADO,,,2025-12-03 16:46:32.295828+00,,false,imposto,,5,,cabralia,0.00,,false
e6bc9e24-703f-47bc-bb54-71aee6f900db,DESPESA,2026-03-01,10000.00,equipamentos,Locação Bobcat,,CONFIRMADO,4bc7e9b9-0f0a-48c2-b7e3-bcc3ce8d342d,,2025-12-03 16:18:07.866197+00,,false,now,,6,,cabralia,0.00,,false
e7210a40-5164-4ef9-8954-0c6606183b5b,DESPESA,2026-09-01,24287.61,impostos,Imposto Ronaldo,,CONFIRMADO,,,2025-12-03 16:56:26.935642+00,,false,imposto,,12,,cabralia,0.00,,false
e7e354f0-7bf4-4df3-88ab-86792b4b3070,DESPESA,2025-10-01,22000.00,equipamentos,Locação Pá Carregadeira,,CONFIRMADO,c4ffceac-4dd7-4951-b478-6cb7f143416f,,2025-12-04 09:18:27.451302+00,,true,now,12,1,,cabralia,0.00,,false
e84a278c-ab5a-43c4-a845-93828b951585,DESPESA,2025-10-01,21000.00,terceirizados,Locação Pipa Felipe,,CONFIRMADO,,,2025-12-02 17:06:46.106123+00,,true,felipe_viatransportes,12,,,cabralia,0.00,,false
e8655c1b-0990-4dd4-8b6d-132f75920cbd,DESPESA,2026-09-01,22000.00,equipamentos,Locação Rolo Compactador,,CONFIRMADO,dd39670a-04b3-4853-babc-1867e29fd5cd,,2025-12-03 16:18:07.408904+00,,false,now,,12,,cabralia,0.00,,false
e906b6d8-d312-4bf2-9ad4-24ece3458c92,DESPESA,2026-08-01,12000.00,terceirizados,Locação Caçamba 02,,CONFIRMADO,,,2025-12-03 16:18:25.669849+00,,false,particular,,11,,cabralia,0.00,,false
e971c0df-0a4b-49ce-840c-17f7e966074b,DESPESA,2026-02-01,21000.00,terceirizados,Locação Caçamba 02 Felipe,,CONFIRMADO,,,2025-12-03 16:18:12.827093+00,,false,felipe_viatransportes,,5,,cabralia,0.00,,false
e9eb1eb2-dc95-4678-8375-e13377cc7891,DESPESA,2026-01-01,72744.44,terceirizados,Patrol + Revisões Ronaldo/Sid,,CONFIRMADO,,,2025-12-03 17:21:06.173815+00,,false,parcela_patrol_ronaldo,,4,,cabralia,0.00,,false
ea060885-c529-4627-a0e9-218fab6a7d50,DESPESA,2025-11-01,12000.00,terceirizados,Locação Caçamba 04,,CONFIRMADO,,,2025-12-03 16:18:26.829011+00,,false,particular,,2,,cabralia,0.00,,false
eaa693af-baba-4819-aa3f-00b84f877842,DESPESA,2026-02-01,3256.00,funcionario,Salário Operador Bobcat,,CONFIRMADO,4bc7e9b9-0f0a-48c2-b7e3-bcc3ce8d342d,,2025-12-03 16:18:23.399759+00,,false,now,,5,,cabralia,0.00,,false
ead3236e-5748-444c-ba86-73f6173f565f,DESPESA,2025-11-01,131924.60,impostos,Imposto Now,,CONFIRMADO,,,2025-12-03 16:46:31.752552+00,,false,imposto,,2,,cabralia,0.00,,false
eb3f95c3-9179-4bf6-a6d1-97e3516fec28,DESPESA,2025-10-01,42535.52,terceirizados,Locação Prancha Ronaldo/Sid,,CONFIRMADO,,,2025-12-02 17:27:26.61175+00,"__DEBIT__:{""amount"":3581,""description"":""Operador""}",true,ronaldo,12,,,cabralia,0.00,,false
ec36e765-575c-4e1a-a306-2926c404cc12,DESPESA,2026-02-01,42535.52,terceirizados,Locação Prancha Ronaldo/Sid,,CONFIRMADO,,,2025-12-03 16:18:17.411237+00,"__DEBIT__:{""amount"":3581,""description"":""Operador""}",false,ronaldo,,5,,cabralia,0.00,,false
ec54b61d-6c31-4d01-a550-529a890b108c,DESPESA,2026-04-01,34272.00,impostos,Imposto Felipe,,CONFIRMADO,,,2025-12-03 16:18:35.785596+00,,false,imposto,,7,,cabralia,0.00,,false
ec947b12-2017-4596-aaa4-d8f1db82325b,DESPESA,2026-05-01,42535.52,terceirizados,Locação Prancha Ronaldo/Sid,,CONFIRMADO,,,2025-12-03 16:18:17.645193+00,"__DEBIT__:{""amount"":3581,""description"":""Operador""}",false,ronaldo,,8,,cabralia,0.00,,false
eccbf247-a8e6-45fc-95d4-c19c7e3a7a3e,DESPESA,2026-09-01,34272.00,impostos,Imposto Felipe,,CONFIRMADO,,,2025-12-03 16:18:36.198059+00,,false,imposto,,12,,cabralia,0.00,,false
ecea553a-51be-4596-8e09-afa8557ee376,DESPESA,2026-08-01,24287.61,impostos,Imposto Ronaldo,,CONFIRMADO,,,2025-12-03 16:56:26.846559+00,,false,imposto,,11,,cabralia,0.00,,false
ed64c922-c98a-4a3b-86b4-ca395f93b4de,DESPESA,2026-07-01,21000.00,terceirizados,Locação Retroescavadeira Felipe,,CONFIRMADO,,,2025-12-03 16:18:09.20531+00,,false,felipe_viatransportes,,10,,cabralia,0.00,,false
ee27f540-b22d-4935-ac9e-38b1f43a2b5c,DESPESA,2026-07-01,10000.00,terceirizados,Locação Trucado 01,,CONFIRMADO,,,2025-12-03 16:18:29.401104+00,,false,gestao,,10,,cabralia,0.00,,false
ee3fb07c-e563-402f-b4aa-006325e23dba,DESPESA,2026-02-01,3500.00,terceirizados,Salário Operador Poliguindaste,,CONFIRMADO,,,2025-12-03 18:23:03.711365+00,,false,terceirizados,,5,,cabralia,0.00,,false
ee85492a-7d15-454d-af66-9b771059af31,DESPESA,2026-09-01,18000.00,equipamentos,Locação Retroescavadeira,,CONFIRMADO,04561899-3a03-45c9-aecd-c0c2d5dee96c,,2025-12-03 16:18:04.473742+00,,false,now,,12,,cabralia,0.00,,false
eea9594c-12ba-4fd5-bd0f-631b737023bb,DESPESA,2026-07-01,3500.00,terceirizados,Salário Operador Poliguindaste,,CONFIRMADO,,,2025-12-03 18:23:04.536145+00,,false,terceirizados,,10,,cabralia,0.00,,false
eecb1e79-a75a-4219-9215-29b689e2afc5,DESPESA,2026-08-01,5500.00,gestor,Salário Gestor,,CONFIRMADO,,,2025-12-03 23:12:59.119676+00,,false,now,,11,,cabralia,0.00,,false
f0cdd387-57b1-4995-b05e-65d368522d37,DESPESA,2026-07-01,24287.61,impostos,Imposto Ronaldo,,CONFIRMADO,,,2025-12-03 16:56:26.772691+00,,false,imposto,,10,,cabralia,0.00,,false
f1b4beaa-5e1f-4461-a08a-2838bb97c1ac,DESPESA,2025-11-01,5315.00,terceirizados,Salário Operador Motoniveladora 2 Ronaldo/Sid,,CONFIRMADO,,,2025-12-03 16:18:32.601878+00,,false,terceirizados,,2,,cabralia,0.00,,false
f1fee860-abac-4b24-8419-cb8ed50f1e0e,DESPESA,2026-03-01,12000.00,terceirizados,Locação Caçamba 04,,CONFIRMADO,,,2025-12-03 16:18:27.152637+00,,false,particular,,6,,cabralia,0.00,,false
f25af392-764f-40ca-bb9b-ba151be1b9b8,DESPESA,2026-04-01,15000.00,terceirizados,Locação Baú,,CONFIRMADO,,,2025-12-03 16:18:28.20785+00,,false,gestao,,7,,cabralia,0.00,,false
f27cfc69-2f86-4efa-9d9e-5ebc62f2b632,DESPESA,2026-07-01,-24287.61,terceirizados,Imposto Ronaldo/Sid,,CONFIRMADO,,,2025-12-03 16:18:36.954462+00,"__DEBIT__:{""amount"":24287.61,""description"":""Imposto Ronaldo/Sid""}",false,ronaldo,,10,,cabralia,0.00,,false
f3543698-13c0-4990-bb4c-fd2bddd795dd,DESPESA,2026-07-01,22000.00,equipamentos,Locação Pá Carregadeira,,CONFIRMADO,c4ffceac-4dd7-4951-b478-6cb7f143416f,,2025-12-04 09:18:29.493677+00,,false,now,,10,,cabralia,0.00,,false
f3cdf496-7a4b-41ed-9144-771dbb636535,DESPESA,2026-09-01,5500.00,gestor,Salário Gestor,,CONFIRMADO,,,2025-12-03 23:12:59.265957+00,,false,now,,12,,cabralia,0.00,,false
f45df34a-2722-4b00-8454-cec68f1aa161,DESPESA,2026-07-01,15000.00,terceirizados,Locação Baú,,CONFIRMADO,,,2025-12-03 16:18:28.45693+00,,false,gestao,,10,,cabralia,0.00,,false
f5b83ffa-f1da-4681-8615-2ffaf028e96a,DESPESA,2026-03-01,72744.44,terceirizados,Patrol + Revisões Ronaldo/Sid,,CONFIRMADO,,,2025-12-03 17:21:06.530745+00,,false,parcela_patrol_ronaldo,,6,,cabralia,0.00,,false
f5c88cfd-7397-4be2-a7f3-418db7901f9d,DESPESA,2025-11-01,18000.00,equipamentos,Locação Retroescavadeira,,CONFIRMADO,04561899-3a03-45c9-aecd-c0c2d5dee96c,,2025-12-03 16:18:03.687313+00,,false,now,,2,,cabralia,0.00,,false
f809892e-1707-41e0-b4c4-1f4199415882,DESPESA,2026-05-01,-34272.00,terceirizados,Abatimento Imposto,,CONFIRMADO,,,2025-12-03 16:18:15.798607+00,,false,felipe_viatransportes,,8,,cabralia,0.00,,false
f88e8cc3-687f-4591-a177-bd5301fcf374,DESPESA,2026-04-01,22000.00,equipamentos,Locação Rolo Compactador,,CONFIRMADO,dd39670a-04b3-4853-babc-1867e29fd5cd,,2025-12-03 16:18:07.024968+00,,false,now,,7,,cabralia,0.00,,false
f96cdfd4-c072-4dc5-9cae-767f76015cc0,DESPESA,2025-10-01,3256.00,funcionario,Salário Operador Bobcat,,CONFIRMADO,4bc7e9b9-0f0a-48c2-b7e3-bcc3ce8d342d,,2025-12-03 01:23:08.999377+00,,true,now,12,,,cabralia,0.00,,false
f9b42e0e-f26c-4413-b812-b1d393e74496,DESPESA,2026-06-01,5500.00,gestor,Salário Gestor,,CONFIRMADO,,,2025-12-03 23:12:58.785363+00,,false,now,,9,,cabralia,0.00,,false
f9d4f29b-29ca-4d28-877f-0f490a3f1029,DESPESA,2026-01-01,45986.44,terceirizados,Locação Motoniveladora Ronaldo/Sid,,CONFIRMADO,,,2025-12-03 16:18:16.41005+00,"__DEBIT__:{""amount"":5315,""description"":""Operador""}",false,ronaldo,,4,,cabralia,0.00,,false
f9d813e5-50a4-4b42-a8a2-58cc08007c92,DESPESA,2025-12-01,8000.00,terceirizados,Locação Trucado 02,,CONFIRMADO,,,2025-12-03 16:18:29.79923+00,,false,gestao,,3,,cabralia,0.00,,false
fb22833e-a3a2-42cd-b44a-6ad688b885d7,DESPESA,2026-04-01,21000.00,terceirizados,Locação Caçamba 01 Felipe,,CONFIRMADO,,,2025-12-03 16:18:12.074848+00,,false,felipe_viatransportes,,7,,cabralia,0.00,,false
fb304ffe-2b44-4bfe-aa46-354d0502e7da,DESPESA,2025-12-01,14000.00,terceirizados,Locação Poliguindaste Felipe,,CONFIRMADO,,,2025-12-03 16:18:14.512171+00,,false,felipe_viatransportes,,3,,cabralia,0.00,,false
fb70dd8c-86ea-4791-b15f-afe7c56220c0,DESPESA,2025-12-01,2000.00,funcionario,Salário Encarregado,,CONFIRMADO,,,2025-12-03 16:18:33.633239+00,,false,now,,3,,cabralia,0.00,,false
fb8e3b4a-1fb3-4cf6-b536-4dd42f227f9a,DESPESA,2026-01-01,21000.00,terceirizados,Locação Pipa Felipe,,CONFIRMADO,,,2025-12-03 16:18:10.770442+00,,false,felipe_viatransportes,,4,,cabralia,0.00,,false
fb994a98-e252-445f-8cb1-2697ae1de36b,DESPESA,2025-12-01,45986.44,terceirizados,Locação Motoniveladora Ronaldo/Sid,,CONFIRMADO,,,2025-12-03 16:18:16.332685+00,"__DEBIT__:{""amount"":5315,""description"":""Operador""}",false,ronaldo,,3,,cabralia,0.00,,false
fba868c7-57b7-419a-aad3-d8fc15b00b18,RECEITA,2025-12-01,678961.80,,Contrato Emergencial Máquinas,,CONFIRMADO,,,2025-12-02 18:23:41.502475+00,,false,,,3,,cabralia,0.00,,false
fbaf1fbc-6d31-49f0-a305-82c332ca3585,DESPESA,2026-09-01,12000.00,terceirizados,Locação Caçamba 04,,CONFIRMADO,,,2025-12-03 16:18:27.650201+00,,false,particular,,12,,cabralia,0.00,,false
fc95ef24-2b8c-4233-870a-2d2bda527208,DESPESA,2026-05-01,34272.00,impostos,Imposto Felipe,,CONFIRMADO,,,2025-12-03 16:18:35.869985+00,,false,imposto,,8,,cabralia,0.00,,false
fd116701-4eaa-4026-809a-4bd1eebe6e9f,DESPESA,2025-12-01,3500.00,terceirizados,Salário Operador Poliguindaste,,CONFIRMADO,,,2025-12-03 18:23:03.319598+00,,false,terceirizados,,3,,cabralia,0.00,,false
feabf432-9dd2-4b3b-81f1-0083e6aa0e81,DESPESA,2025-11-01,34272.00,impostos,Imposto Felipe,,CONFIRMADO,,,2025-12-03 16:18:35.411581+00,,false,imposto,,2,,cabralia,0.00,,false
fece77ff-ed42-48ff-8175-98f893e12ee5,DESPESA,2026-09-01,10692.12,terceirizados,Locação Estacionárias Ronaldo/Sid,,CONFIRMADO,,,2025-12-03 16:18:18.892451+00,,false,ronaldo,,12,,cabralia,0.00,,false
ff8d12fa-a3f7-41e7-b0df-92c633ae0d43,DESPESA,2026-09-01,-24287.61,terceirizados,Imposto Ronaldo/Sid,,CONFIRMADO,,,2025-12-03 16:18:37.112439+00,"__DEBIT__:{""amount"":24287.61,""description"":""Imposto Ronaldo/Sid""}",false,ronaldo,,12,,cabralia,0.00,,false